代號,名稱,成交,漲跌  價,漲跌  幅,市值  (億),產業別
2330,台積電,591.0,-11.0,-1.83,153249.0,半導體業
2317,鴻海,123.5,-6.0,-4.63,17121.0,其他電子業
2454,聯發科,885.0,-18.0,-1.99,14074.0,半導體業
6505,台塑化,95.8,-2.4,-2.44,9126.0,油電燃氣業
2412,中華電,110.0,-1.0,-0.9,8533.0,通信網路業
2308,台達電,283.0,-5.0,-1.74,7351.0,電子零組件業
1301,台塑,97.1,-3.4,-3.38,6181.0,塑膠工業
1303,南亞,74.5,-2.1,-2.74,5908.0,塑膠工業
2882,國泰金,44.6,-0.85,-1.87,5873.0,金控業
2303,聯電,46.05,-1.0,-2.13,5721.0,半導體業
2881,富邦金,53.7,-0.7,-1.29,5495.0,金控業
1326,台化,84.2,-2.8,-3.22,4935.0,塑膠工業
3711,日月光投控,108.0,1.5,1.41,4685.0,半導體業
3008,大立光,3355.0,-70.0,-2.04,4500.0,光電業
2886,兆豐金,31.05,-0.35,-1.11,4223.0,金控業
2891,中信金,21.3,-0.25,-1.16,4153.0,金控業
2002,中鋼,25.1,-0.35,-1.38,3949.0,鋼鐵工業
1216,統一,68.5,-1.6,-2.28,3892.0,食品工業
2382,廣達,89.4,-2.1,-2.3,3453.0,電腦及週邊設備業
3045,台灣大,97.8,-0.8,-0.81,3432.0,通信網路業
3034,聯詠,542.0,3.0,0.56,3298.0,半導體業
2884,玉山金,26.05,-0.05,-0.19,3274.0,金控業
6488,環球晶,719.0,-21.0,-2.84,3144.0,半導體業
2207,和泰車,574.0,-11.0,-1.88,3135.0,汽車工業
2408,南亞科,92.5,-3.0,-3.14,2844.0,半導體業
2912,統一超,273.0,-3.0,-1.09,2838.0,貿易百貨業
2357,華碩,377.5,19.5,5.45,2804.0,電腦及週邊設備業
2892,第一金,21.5,-0.45,-2.05,2760.0,金控業
2327,國巨,552.0,-7.0,-1.25,2725.0,電子零組件業
2395,研華,352.5,-5.0,-1.4,2719.0,電腦及週邊設備業
5880,合庫金,20.4,-0.25,-1.21,2720.0,金控業
2885,元大金,21.65,-0.25,-1.14,2628.0,金控業
5871,中租-KY,187.0,-3.5,-1.84,2583.0,其他業
1101,台泥,42.7,-0.4,-0.93,2481.0,水泥工業
2880,華南金,18.3,-0.05,-0.27,2352.0,金控業
2379,瑞昱,456.5,-6.0,-1.3,2331.0,半導體業
2603,長榮,41.7,0.05,0.12,2177.0,航運業
6415,矽力-KY,2300.0,-85.0,-3.56,2140.0,半導體業
4904,遠傳,63.7,0.4,0.63,2076.0,通信網路業
4938,和碩,75.0,0.7,0.94,1997.0,電腦及週邊設備業
8046,南電,307.0,-5.5,-1.76,1984.0,電子零組件業
1590,亞德客-KY,1020.0,34.0,3.45,1928.0,電機機械
2409,友達,19.1,0.0,0.0,1838.0,光電業
5876,上海商銀,40.4,-0.4,-0.98,1811.0,銀行業
2801,彰銀,17.2,-0.1,-0.58,1786.0,銀行業
5347,世界,108.0,-1.0,-0.92,1770.0,半導體業
2633,台灣高鐵,31.2,0.4,1.3,1756.0,航運業
9910,豐泰,199.0,2.0,1.02,1755.0,其他業
3481,群創,17.15,0.05,0.29,1665.0,光電業
3105,穩懋,380.0,-4.5,-1.17,1611.0,半導體業
1402,遠東新,29.2,-0.3,-1.02,1563.0,紡織纖維
2474,可成,204.0,1.0,0.49,1554.0,其他電子業
2345,智邦,273.5,11.0,4.19,1528.0,通信網路業
2883,開發金,10.0,0.0,0.0,1497.0,金控業
1102,亞泥,44.4,0.05,0.11,1492.0,水泥工業
6669,緯穎,835.0,-19.0,-2.22,1460.0,電腦及週邊設備業
2301,光寶科,61.1,-0.5,-0.81,1436.0,電腦及週邊設備業
2105,正新,44.2,-0.8,-1.78,1433.0,橡膠工業
2887,台新金,13.1,-0.1,-0.76,1429.0,金控業
2049,上銀,411.0,-16.5,-3.86,1360.0,電機機械
2890,永豐金,12.05,-0.2,-1.63,1359.0,金控業
2377,微星,160.5,-3.0,-1.83,1356.0,電腦及週邊設備業
3037,欣興,89.0,-3.1,-3.37,1339.0,電子零組件業
8454,富邦媒,912.0,17.0,1.9,1277.0,貿易百貨業
1476,儒鴻,462.5,-4.5,-0.96,1269.0,紡織纖維
2492,華新科,249.0,-3.0,-1.19,1210.0,電子零組件業
4958,臻鼎-KY,127.5,0.0,0.0,1207.0,電子零組件業
8464,億豐,404.5,1.0,0.25,1185.0,其他業
2823,中壽,24.4,0.05,0.21,1154.0,保險業
2888,新光金,8.63,-0.13,-1.48,1124.0,金控業
2344,華邦電,28.2,-0.1,-0.35,1122.0,半導體業
2615,萬海,49.55,-0.4,-0.8,1099.0,航運業
2324,仁寶,23.85,0.15,0.63,1051.0,電腦及週邊設備業
9921,巨大,280.0,-5.0,-1.75,1050.0,其他業
2609,陽明,32.6,0.7,2.19,848.0,航運業
2354,鴻準,73.0,-1.8,-2.41,1033.0,其他電子業
5269,祥碩,1465.0,-90.0,-5.79,1014.0,半導體業
4966,譜瑞-KY,1220.0,-40.0,-3.17,986.0,半導體業
5483,中美晶,168.0,1.0,0.6,985.0,半導體業
3231,緯創,33.85,0.0,0.0,983.0,電腦及週邊設備業
2356,英業達,27.05,0.5,1.88,970.0,電腦及週邊設備業
9904,寶成,32.5,-0.6,-1.81,958.0,其他業
4743,合一,251.5,-6.5,-2.52,949.0,生技醫療業
9914,美利達,317.0,-1.0,-0.31,948.0,其他業
2353,宏碁,30.4,2.0,7.04,927.0,電腦及週邊設備業
8299,群聯,466.5,-3.0,-0.64,919.0,半導體業
6409,旭隼,1045.0,-10.0,-0.95,914.0,其他電子業
2347,聯強,54.1,-0.8,-1.46,902.0,電子通路業
2337,旺宏,44.75,0.4,0.9,831.0,半導體業
6239,力成,105.0,1.0,0.96,818.0,半導體業
2610,華航,14.95,0.35,2.4,810.0,航運業
2227,裕日車,268.0,9.5,3.68,804.0,汽車工業
3702,大聯大,47.65,-0.3,-0.63,800.0,電子通路業
2360,致茂,185.0,-3.5,-1.86,779.0,其他電子業
2618,長榮航,16.0,0.3,1.91,777.0,航運業
3044,健鼎,143.0,2.5,1.78,752.0,電子零組件業
2834,臺企銀,9.69,-0.07,-0.72,726.0,銀行業
6121,新普,383.5,5.5,1.46,709.0,電腦及週邊設備業
2385,群光,95.3,-0.4,-0.42,705.0,電子零組件業
9945,潤泰新,44.55,-0.6,-1.33,670.0,其他業
1504,東元,30.85,-0.05,-0.16,660.0,電機機械
3661,世芯-KY,932.0,-18.0,-1.89,649.0,半導體業
2371,大同,27.5,-0.55,-1.96,643.0,電機機械
3023,信邦,271.5,6.5,2.45,632.0,電子零組件業
3529,力旺,829.0,-19.0,-2.24,631.0,半導體業
8069,元太,54.8,0.9,1.67,625.0,光電業
1605,華新,18.1,-0.45,-2.43,621.0,電器電纜
2376,技嘉,96.8,0.6,0.62,615.0,電腦及週邊設備業
2923,鼎固-KY,35.2,-3.5,-9.04,613.0,建材營造業
5904,寶雅,604.0,5.0,0.83,590.0,貿易百貨業
6176,瑞儀,126.5,1.5,1.2,588.0,光電業
5903,全家,262.0,-2.0,-0.76,585.0,貿易百貨業
2352,佳世達,29.65,-0.05,-0.17,583.0,電腦及週邊設備業
6531,愛普,780.0,-38.0,-4.65,577.0,半導體業
5274,信驊,1680.0,-90.0,-5.08,577.0,半導體業
3714,富采,83.7,-2.0,-2.33,574.0,光電業
2542,興富發,44.25,-0.95,-2.1,568.0,建材營造業
2458,義隆,186.5,3.0,1.63,567.0,半導體業
2383,台光電,168.5,-0.5,-0.3,561.0,電子零組件業
1229,聯華,43.65,-0.05,-0.11,559.0,食品工業
1802,台玻,19.15,-0.45,-2.3,557.0,玻璃陶瓷
3443,創意,400.0,-18.0,-4.31,536.0,半導體業
1722,台肥,54.6,-1.0,-1.8,535.0,化學工業
1227,佳格,58.2,0.6,1.04,533.0,食品工業
3406,玉晶光,474.0,-5.0,-1.04,528.0,光電業
3532,台勝科,135.0,-2.0,-1.46,524.0,半導體業
1434,福懋,31.0,0.5,1.64,522.0,紡織纖維
3293,鈊象,730.0,-14.0,-1.88,514.0,文化創意業
2313,華通,43.0,-0.15,-0.35,512.0,電子零組件業
3533,嘉澤,493.5,-2.5,-0.5,511.0,電子零組件業
6147,頎邦,76.0,-1.9,-2.44,510.0,半導體業
2449,京元電子,40.75,-0.5,-1.21,498.0,半導體業
1788,杏昌,131.0,0.0,0.0,49.3,生技醫療業
2027,大成鋼,29.35,-0.4,-1.34,487.0,鋼鐵工業
4961,天鈺,290.0,14.0,5.07,483.0,半導體業
1907,永豐餘,28.95,-0.05,-0.17,481.0,造紙工業
1477,聚陽,218.5,-3.0,-1.35,480.0,紡織纖維
3374,精材,174.5,0.0,0.0,474.0,半導體業
2812,台中銀,11.25,-0.15,-1.32,467.0,銀行業
2404,漢唐,243.5,3.0,1.25,464.0,其他電子業
5820,日盛金,12.3,-0.05,-0.4,464.0,金控業
3576,聯合再生,17.2,0.45,2.69,458.0,光電業
6213,聯茂,137.0,2.0,1.48,456.0,電子零組件業
6269,台郡,125.0,-1.0,-0.79,452.0,電子零組件業
2915,潤泰全,80.1,-2.4,-2.91,452.0,貿易百貨業
2809,京城銀,38.75,-0.3,-0.77,434.0,銀行業
2889,國票金,14.95,-0.1,-0.66,433.0,金控業
1717,長興,34.85,-0.55,-1.55,432.0,化學工業
6592,和潤企業,83.6,0.9,1.09,431.0,其他業
1210,大成,51.9,-0.6,-1.14,429.0,食品工業
6456,GIS-KY,126.0,0.0,0.0,428.0,光電業
6547,高端疫苗,202.0,-6.0,-2.88,428.0,生技醫療業
2201,裕隆,42.1,-0.7,-1.64,421.0,汽車工業
5522,遠雄,53.7,0.0,0.0,420.0,建材營造業
3152,璟德,592.0,3.0,0.51,409.0,通信網路業
3189,景碩,90.6,-2.8,-3.0,408.0,半導體業
2006,東和鋼鐵,40.15,1.05,2.69,403.0,鋼鐵工業
2015,豐興,69.4,-1.1,-1.56,404.0,鋼鐵工業
2441,超豐,70.3,0.7,1.01,400.0,半導體業
9917,中保科,88.0,-0.9,-1.01,397.0,其他業
6116,彩晶,12.7,-0.15,-1.17,384.0,光電業
2108,南帝,76.4,1.8,2.41,376.0,橡膠工業
3005,神基,63.5,0.7,1.11,371.0,電腦及週邊設備業
9941,裕融,112.5,-1.0,-0.88,374.0,其他業
4968,立積,588.0,-8.0,-1.34,365.0,半導體業
3036,文曄,46.4,-0.4,-0.85,367.0,電子通路業
3682,亞太電,9.6,0.02,0.21,366.0,通信網路業
2106,建大,40.15,-0.65,-1.59,365.0,橡膠工業
3665,貿聯-KY,274.0,-6.0,-2.14,358.0,其他電子業
2845,遠東銀,10.5,-0.3,-2.78,362.0,銀行業
1904,正隆,32.65,0.6,1.87,362.0,造紙工業
6271,同欣電,201.0,-4.0,-1.95,359.0,半導體業
3653,健策,293.5,-5.0,-1.68,359.0,電子零組件業
6278,台表科,120.5,0.5,0.42,352.0,光電業
3706,神達,29.1,0.05,0.17,351.0,電腦及週邊設備業
1314,中石化,10.65,-0.2,-1.84,350.0,塑膠工業
6732,昇佳電子,714.0,-6.0,-0.83,349.0,半導體業
2101,南港,40.4,-1.15,-2.77,337.0,橡膠工業
3545,敦泰,159.0,6.5,4.26,334.0,半導體業
2838,聯邦銀,10.7,-0.1,-0.93,331.0,銀行業
3228,金麗科,477.5,-17.5,-3.54,324.0,半導體業
6412,群電,82.9,1.2,1.47,322.0,電子零組件業
6005,群益證,14.8,0.1,0.68,321.0,證券業
2903,遠百,22.6,-0.4,-1.74,320.0,貿易百貨業
2504,國產,27.05,0.2,0.74,319.0,建材營造業
2606,裕民,37.7,-0.3,-0.79,319.0,航運業
6274,台燿,118.5,2.5,2.16,317.0,電子零組件業
4123,晟德,68.9,0.1,0.15,316.0,生技醫療業
8150,南茂,43.5,-0.25,-0.57,316.0,半導體業
1909,榮成,24.35,-0.3,-1.22,311.0,造紙工業
6670,復盛應用,236.5,0.0,0.0,310.0,其他業
3042,晶技,99.0,0.2,0.2,307.0,電子零組件業
2059,川湖,317.0,-3.0,-0.94,302.0,電子零組件業
2368,金像電,54.9,-0.5,-0.9,300.0,電子零組件業
1536,和大,107.0,-1.5,-1.38,299.0,汽車工業
4915,致伸,65.8,1.0,1.54,297.0,電子零組件業
4174,浩鼎,149.0,-4.0,-2.61,297.0,生技醫療業
6285,啟碁,74.0,-0.9,-1.2,294.0,通信網路業
8016,矽創,243.5,8.5,3.62,293.0,半導體業
2849,安泰銀,14.8,-0.25,-1.66,290.0,銀行業
4128,中天,67.9,-1.5,-2.16,289.0,生技醫療業
8086,宏捷科,144.5,-3.5,-2.36,289.0,半導體業
2855,統一證,20.5,-0.15,-0.73,287.0,證券業
1304,台聚,23.95,-0.25,-1.03,285.0,塑膠工業
2204,中華,51.3,-0.8,-1.54,284.0,汽車工業
2723,美食-KY,157.0,-4.5,-2.79,283.0,觀光事業
2451,創見,65.7,0.8,1.23,282.0,半導體業
2439,美律,133.0,-5.5,-3.97,278.0,通信網路業
6510,精測,847.0,-21.0,-2.42,278.0,半導體業
2456,奇力新,107.5,1.0,0.94,274.0,電子零組件業
9933,中鼎,36.3,-0.55,-1.49,277.0,其他業
2231,為升,225.0,6.5,2.97,274.0,汽車工業
6446,藥華藥,104.0,-2.5,-2.35,274.0,生技醫療業
2634,漢翔,29.05,-0.2,-0.68,274.0,航運業
1785,光洋科,45.95,-0.85,-1.82,272.0,其他電子業
1736,喬山,89.4,-2.5,-2.72,271.0,生技醫療業
3006,晶豪科,93.7,-0.3,-0.32,268.0,半導體業
8415,大國鋼,25.9,-0.45,-1.71,267.0,鋼鐵工業
1707,葡萄王,180.0,-1.5,-0.83,267.0,生技醫療業
6712,長聖,430.0,19.5,4.75,265.0,生技醫療業
8070,長華*,41.2,0.25,0.61,263.0,電子通路業
3680,家登,313.0,-9.0,-2.8,263.0,半導體業
2548,華固,93.7,0.0,0.0,259.0,建材營造業
8341,日友,231.5,0.0,0.0,258.0,其他業
1513,中興電,54.0,-1.0,-1.82,227.0,電機機械
8436,大江,217.0,1.0,0.46,257.0,生技醫療業
9958,世紀鋼,111.5,-2.0,-1.76,235.0,鋼鐵工業
3019,亞光,91.1,-0.1,-0.11,256.0,光電業
3552,同致,299.0,-23.0,-7.14,256.0,其他電子業
5469,瀚宇博,48.2,-0.25,-0.52,255.0,電子零組件業
1723,中碳,107.0,-1.5,-1.38,253.0,化學工業
3227,原相,179.0,-3.0,-1.65,253.0,半導體業
2206,三陽工業,31.55,0.45,1.45,253.0,汽車工業
1503,士電,48.55,-0.65,-1.32,253.0,電機機械
2023,燁輝,13.35,0.1,0.75,252.0,鋼鐵工業
2104,國際中橡,25.6,-0.25,-0.97,252.0,橡膠工業
6491,晶碩,360.0,3.0,0.84,252.0,生技醫療業
2014,中鴻,17.5,-0.25,-1.41,251.0,鋼鐵工業
3376,新日興,130.5,-1.5,-1.14,250.0,電子零組件業
3081,聯亞,272.5,-6.5,-2.33,249.0,通信網路業
5534,長虹,85.5,0.1,0.12,248.0,建材營造業
2392,正崴,48.3,0.25,0.52,247.0,電子零組件業
1440,南紡,14.9,0.0,0.0,247.0,紡織纖維
6548,長科*,67.6,-0.4,-0.59,246.0,半導體業
2388,威盛,49.8,0.3,0.61,246.0,半導體業
1313,聯成,18.4,-0.6,-3.16,245.0,塑膠工業
2428,興勤,191.0,-1.5,-0.78,245.0,電子零組件業
5306,桂盟,194.0,-5.5,-2.76,244.0,其他業
1507,永大,58.2,-0.4,-0.68,239.0,電機機械
2637,慧洋-KY,32.0,0.55,1.75,239.0,航運業
2498,宏達電,29.1,0.55,1.93,238.0,通信網路業
9938,百和,79.9,-0.6,-0.75,238.0,其他業
5434,崇越,131.0,2.0,1.55,238.0,電子通路業
6214,精誠,87.8,0.2,0.23,237.0,資訊服務業
4142,國光生,54.7,-1.1,-1.97,224.0,生技醫療業
1409,新纖,14.45,-0.05,-0.34,234.0,紡織纖維
3312,弘憶股,18.6,0.2,1.09,23.3,電子通路業
3218,大學光,304.0,-7.0,-2.25,231.0,生技醫療業
6414,樺漢,238.0,-3.0,-1.24,230.0,電腦及週邊設備業
1808,潤隆,62.2,0.0,0.0,230.0,建材營造業
2328,廣宇,44.2,0.2,0.45,229.0,電子零組件業
3017,奇鋐,64.8,-0.4,-0.61,229.0,電腦及週邊設備業
6257,矽格,53.1,0.5,0.95,224.0,半導體業
6541,泰福-KY,73.0,-0.6,-0.82,227.0,生技醫療業
3596,智易,108.5,-1.5,-1.36,226.0,通信網路業
6561,是方,321.5,-8.0,-2.43,227.0,通信網路業
8926,台汽電,38.3,-0.2,-0.52,226.0,油電燃氣業
6146,耕興,241.0,-3.0,-1.23,223.0,其他電子業
2103,台橡,26.75,-0.85,-3.08,221.0,橡膠工業
1232,大統益,138.0,-1.0,-0.72,221.0,食品工業
2501,國建,19.0,-0.7,-3.55,220.0,建材營造業
6743,安普新,180.0,-1.5,-0.83,220.0,其他電子業
3138,耀登,469.5,-13.5,-2.8,219.0,通信網路業
1312,國喬,24.1,-0.75,-3.02,218.0,塑膠工業
2373,震旦行,92.4,-1.1,-1.18,218.0,其他電子業
9802,鈺齊-KY,117.0,0.5,0.43,217.0,其他業
1319,東陽,36.7,-0.3,-0.81,217.0,汽車工業
5530,龍巖,51.5,-0.1,-0.19,216.0,其他業
6533,晶心科,507.0,-8.0,-1.55,216.0,半導體業
3264,欣銓,44.05,-0.3,-0.68,216.0,半導體業
2867,三商壽,8.52,-0.04,-0.47,213.0,保險業
5371,中光電,54.3,-0.3,-0.55,236.0,光電業
6182,合晶,41.55,-0.65,-1.54,212.0,半導體業
9940,信義,28.75,-1.1,-3.69,212.0,其他業
2820,華票,15.6,-0.05,-0.32,210.0,銀行業
2707,晶華,160.5,0.5,0.31,204.0,觀光事業
2455,全新,110.5,1.0,0.91,204.0,通信網路業
2393,億光,45.7,0.15,0.33,203.0,光電業
2362,藍天,30.25,0.0,0.0,203.0,電腦及週邊設備業
3026,禾伸堂,128.0,1.0,0.79,202.0,電子零組件業
6196,帆宣,108.0,0.0,0.0,202.0,其他電子業
6202,盛群,89.3,-0.1,-0.11,202.0,半導體業
3673,TPK-KY,49.55,-0.05,-0.1,202.0,光電業
6153,嘉聯益,36.05,-0.7,-1.9,201.0,電子零組件業
1215,卜蜂,74.7,-0.2,-0.27,200.0,食品工業
4576,大銀微系統,167.0,3.0,1.83,198.0,電機機械
2247,汎德永業,245.0,-2.0,-0.81,198.0,汽車工業
1789,神隆,25.0,-0.25,-0.99,198.0,生技醫療業
2608,嘉里大榮,42.3,-0.65,-1.51,198.0,航運業
9939,宏全,68.3,0.3,0.44,197.0,其他業
1773,勝一,109.0,-0.5,-0.46,196.0,化學工業
3380,明泰,36.15,-0.15,-0.41,196.0,通信網路業
3515,華擎,162.0,-1.0,-0.61,195.0,電腦及週邊設備業
3211,順達,132.5,5.0,3.92,195.0,電腦及週邊設備業
4766,南寶,162.0,1.0,0.62,195.0,化學工業
4551,智伸科,176.5,-0.5,-0.28,187.0,汽車工業
4147,中裕,76.5,-0.1,-0.13,193.0,生技醫療業
2331,精英,34.6,0.5,1.47,193.0,電腦及週邊設備業
2520,冠德,38.15,-0.15,-0.39,192.0,建材營造業
3703,欣陸,23.25,-0.5,-2.11,191.0,建材營造業
3016,嘉晶,68.6,-0.5,-0.72,188.0,半導體業
8422,可寧衛,175.0,2.5,1.45,191.0,其他業
2607,榮運,17.85,0.0,0.0,190.0,航運業
2312,金寶,12.95,-0.05,-0.38,190.0,其他電子業
6443,元晶,42.6,-0.3,-0.7,190.0,光電業
6582,申豐,178.5,3.0,1.71,187.0,橡膠工業
3413,京鼎,228.5,1.5,0.66,189.0,半導體業
3324,雙鴻,214.5,1.0,0.47,190.0,其他電子業
2897,王道銀行,6.89,-0.05,-0.72,188.0,銀行業
2905,三商,20.55,-0.2,-0.96,187.0,貿易百貨業
4137,麗豐-KY,235.0,2.5,1.08,187.0,生技醫療業
3010,華立,80.6,-1.4,-1.71,187.0,電子通路業
5388,中磊,73.7,-0.7,-0.94,184.0,通信網路業
3260,威剛,81.2,-1.5,-1.81,195.0,半導體業
6230,尼得科超眾,213.0,-3.0,-1.39,184.0,電腦及週邊設備業
1305,華夏,33.2,-0.3,-0.9,184.0,塑膠工業
6756,威鋒電子,270.5,-6.0,-2.17,183.0,半導體業
6589,台康生技,88.3,1.6,1.85,182.0,生技醫療業
2539,櫻花建,32.55,0.4,1.24,181.0,建材營造業
2481,強茂,54.6,0.4,0.74,182.0,半導體業
2375,凱美,133.0,-1.5,-1.12,181.0,電子零組件業
1795,美時,73.2,-0.8,-1.08,180.0,生技醫療業
2511,太子,11.05,-0.2,-1.78,179.0,建材營造業
9907,統一實,11.3,-0.1,-0.88,178.0,其他業
8131,福懋科,40.2,-0.1,-0.25,178.0,半導體業
5007,三星,59.3,0.0,0.0,175.0,鋼鐵工業
3704,合勤控,39.6,-0.65,-1.61,175.0,通信網路業
1710,東聯,19.55,-0.55,-2.74,173.0,化學工業
4105,東洋,69.6,0.2,0.29,173.0,生技醫療業
4919,新唐,44.5,-0.5,-1.11,169.0,半導體業
9908,大台北,33.35,-0.35,-1.04,172.0,油電燃氣業
8081,致新,197.0,1.5,0.77,170.0,半導體業
1515,力山,93.4,-1.5,-1.58,169.0,電機機械
4736,泰博,181.0,-1.5,-0.82,167.0,生技醫療業
8406,金可-KY,169.0,10.5,6.62,164.0,生技醫療業
8112,至上,42.8,0.15,0.35,162.0,電子通路業
8358,金居,63.4,0.3,0.48,160.0,電子零組件業
3707,漢磊,51.6,-0.2,-0.39,162.0,半導體業
2332,友訊,24.2,-0.2,-0.82,158.0,通信網路業
6191,精成科,30.5,0.5,1.67,157.0,電子零組件業
1718,中纖,9.66,0.03,0.31,157.0,化學工業
1598,岱宇,118.0,1.5,1.29,136.0,生技醫療業
5471,松翰,92.8,-1.3,-1.38,156.0,半導體業
5457,宣德,91.8,-2.8,-2.96,155.0,電子零組件業
2401,凌陽,26.25,0.25,0.96,155.0,半導體業
4536,拓凱,171.0,-1.0,-0.58,155.0,其他業
9937,全國,49.4,-1.3,-2.56,153.0,油電燃氣業
6023,元大期,52.5,-0.4,-0.76,152.0,證券業
6803,崑鼎,220.5,-0.5,-0.23,152.0,其他業
5478,智冠,119.0,9.0,8.18,152.0,文化創意業
1565,精華,300.0,9.5,3.27,151.0,生技醫療業
3014,聯陽,93.7,0.0,0.0,151.0,半導體業
6282,康舒,28.9,0.2,0.7,149.0,電子零組件業
2338,光罩,58.9,2.1,3.7,149.0,半導體業
2351,順德,81.5,-1.8,-2.16,148.0,半導體業
1256,鮮活果汁-KY,437.0,-13.5,-3.0,148.0,食品工業
5531,鄉林,15.05,-0.35,-2.27,147.0,建材營造業
9925,新保,37.95,0.15,0.4,147.0,其他業
6492,生華科,163.5,-6.5,-3.82,147.0,生技醫療業
2489,瑞軒,18.1,1.45,8.71,146.0,光電業
4157,太景*-KY,20.4,-0.2,-0.97,146.0,生技醫療業
2505,國揚,38.45,-1.35,-3.39,146.0,建材營造業
6166,凌華,66.5,6.0,9.92,145.0,電腦及週邊設備業
1309,台達化,41.75,-0.7,-1.65,144.0,塑膠工業
1104,環泥,21.95,-0.15,-0.68,143.0,水泥工業
1218,泰山,28.6,-0.05,-0.17,143.0,食品工業
8213,志超,52.6,0.8,1.54,143.0,電子零組件業
5425,台半,56.9,-1.0,-1.73,143.0,半導體業
6244,茂迪,39.75,3.6,9.96,141.0,光電業
5289,宜鼎,173.0,4.0,2.37,141.0,電腦及週邊設備業
1103,嘉泥,18.15,0.3,1.68,141.0,水泥工業
2851,中再保,23.75,-0.65,-2.66,140.0,保險業
6464,台數科,112.0,-1.5,-1.32,140.0,其他業
1702,南僑,47.3,-0.1,-0.21,139.0,食品工業
4935,茂林-KY,106.0,-1.5,-1.4,139.0,光電業
2515,中工,9.01,-0.15,-1.64,138.0,建材營造業
2367,燿華,22.15,-0.05,-0.23,137.0,電子零組件業
2387,精元,69.8,0.6,0.87,137.0,電腦及週邊設備業
3030,德律,57.9,-0.3,-0.52,137.0,其他電子業
2727,王品,176.0,-5.0,-2.76,135.0,觀光事業
4976,佳凌,114.0,-4.5,-3.8,135.0,光電業
2913,農林,17.1,-0.05,-0.29,135.0,貿易百貨業
2355,敬鵬,33.95,-0.2,-0.59,135.0,電子零組件業
1308,亞聚,23.1,-0.15,-0.65,134.0,塑膠工業
2908,特力,26.1,-0.4,-1.51,133.0,貿易百貨業
1234,黑松,32.95,-0.1,-0.3,132.0,食品工業
6451,訊芯-KY,123.0,-2.0,-1.6,131.0,半導體業
1905,華紙,11.95,-0.1,-0.83,132.0,造紙工業
8163,達方,47.05,-0.4,-0.84,132.0,電腦及週邊設備業
2605,新興,22.5,-0.05,-0.22,132.0,航運業
1903,士紙,50.6,-1.1,-2.13,132.0,造紙工業
2421,建準,52.3,-0.4,-0.76,131.0,電子零組件業
6504,南六,180.5,-0.5,-0.28,131.0,其他業
3691,碩禾,205.5,5.0,2.49,135.0,光電業
3708,上緯投控,139.0,0.0,0.0,130.0,化學工業
2524,京城,34.85,-0.25,-0.71,129.0,建材營造業
6515,穎崴,383.0,1.5,0.39,129.0,半導體業
4927,泰鼎-KY,67.4,0.0,0.0,128.0,電子零組件業
2035,唐榮,36.55,-0.4,-1.08,128.0,鋼鐵工業
3035,智原,51.0,-0.9,-1.73,127.0,半導體業
8462,柏文,170.5,0.5,0.29,126.0,觀光事業
4943,康控-KY,79.7,-0.5,-0.62,125.0,電子零組件業
3563,牧德,278.0,-1.5,-0.54,124.0,光電業
2545,皇翔,37.8,-0.65,-1.69,124.0,建材營造業
2850,新產,39.2,-0.45,-1.13,124.0,保險業
9911,櫻花,55.6,1.0,1.83,123.0,其他業
3078,僑威,54.0,0.2,0.37,123.0,電子零組件業
6411,晶焱,135.0,4.0,3.05,122.0,半導體業
2472,立隆電,79.1,-0.6,-0.75,115.0,電子零組件業
4438,廣越,117.0,-1.5,-1.27,121.0,紡織纖維
1419,新紡,40.15,-0.35,-0.86,120.0,紡織纖維
2031,新光鋼,39.05,-0.3,-0.76,120.0,鋼鐵工業
6576,逸達,102.5,-4.5,-4.21,120.0,生技醫療業
1532,勤美,31.75,-0.2,-0.63,119.0,電機機械
5243,乙盛-KY,70.7,-0.6,-0.84,119.0,光電業
4906,正文,33.1,0.8,2.48,118.0,通信網路業
1537,廣隆,143.5,0.0,0.0,118.0,電機機械
3705,永信,44.0,-0.15,-0.34,117.0,生技醫療業
6177,達麗,30.75,0.0,0.0,117.0,建材營造業
2363,矽統,18.5,0.95,5.41,117.0,半導體業
1519,華城,44.55,-1.2,-2.62,116.0,電機機械
1604,聲寶,30.0,0.25,0.84,116.0,電器電纜
5536,聖暉,203.0,0.0,0.0,116.0,其他電子業
2478,大毅,80.2,-0.6,-0.74,116.0,電子零組件業
1726,永記,71.4,-0.6,-0.83,116.0,化學工業
2239,英利-KY,97.8,-0.9,-0.91,115.0,汽車工業
6462,神盾,161.5,-2.0,-1.22,115.0,半導體業
2597,潤弘,85.2,-1.0,-1.16,115.0,建材營造業
3217,優群,127.5,0.5,0.39,115.0,電子零組件業
6279,胡連,115.0,0.0,0.0,115.0,電子零組件業
9930,中聯資源,46.1,-0.3,-0.65,115.0,其他業
1609,大亞,19.25,-0.2,-1.03,115.0,電器電纜
1444,力麗,11.95,-0.15,-1.24,114.0,紡織纖維
2034,允強,26.1,-0.1,-0.38,114.0,鋼鐵工業
4532,瑞智,22.55,0.1,0.45,114.0,電機機械
2348,海悅,117.5,-0.5,-0.42,103.0,其他業
6188,廣明,40.75,0.5,1.24,113.0,電腦及週邊設備業
6679,鈺太,271.0,-4.5,-1.63,113.0,半導體業
6706,惠特,168.5,-3.5,-2.03,122.0,光電業
6180,橘子,64.4,-0.5,-0.77,113.0,文化創意業
2836,高雄銀,10.0,-0.05,-0.5,113.0,銀行業
6605,帝寶,67.8,0.6,0.89,112.0,汽車工業
6173,信昌電,65.0,-0.7,-1.07,112.0,電子零組件業
6284,佳邦,78.9,-1.5,-1.87,111.0,電子零組件業
6525,捷敏-KY,85.1,-1.3,-1.5,110.0,半導體業
6224,聚鼎,129.5,-5.0,-3.72,110.0,電子零組件業
1315,達新,79.0,-3.3,-4.01,109.0,塑膠工業
1201,味全,21.5,0.05,0.23,109.0,食品工業
8039,台虹,52.0,-0.6,-1.14,109.0,電子零組件業
6223,旺矽,118.0,0.0,0.0,109.0,半導體業
4162,智擎,74.0,0.4,0.54,108.0,生技醫療業
8044,網家,91.4,3.4,3.86,108.0,電子商務
3630,新鉅科,58.2,-0.4,-0.68,108.0,光電業
2704,國賓,29.25,-0.3,-1.02,107.0,觀光事業
5508,永信建,49.25,-0.7,-1.4,107.0,建材營造業
8908,欣雄,53.5,0.7,1.33,107.0,油電燃氣業
8942,森鉅,64.3,0.4,0.63,107.0,其他業
8255,朋程,116.5,-3.0,-2.51,107.0,電機機械
1582,信錦,85.9,-0.7,-0.81,106.0,電子零組件業
6277,宏正,88.8,0.0,0.0,106.0,電腦及週邊設備業
2009,第一銅,29.35,-0.75,-2.49,106.0,鋼鐵工業
2208,台船,22.3,-0.3,-1.33,105.0,航運業
5287,數字,245.5,7.5,3.15,105.0,電子商務
4912,聯德控股-KY,194.5,10.0,5.42,91.4,電子零組件業
2340,光磊,27.2,0.7,2.64,103.0,光電業
2535,達欣工,31.0,0.2,0.65,99.0,建材營造業
8210,勤誠,84.7,-0.6,-0.7,102.0,電腦及週邊設備業
6579,研揚,68.9,-0.6,-0.86,102.0,電腦及週邊設備業
6472,保瑞,189.0,-1.5,-0.79,102.0,生技醫療業
5283,禾聯碩,139.5,-0.5,-0.36,102.0,電器電纜
4506,崇友,57.4,0.0,0.0,102.0,電機機械
1597,直得,124.0,-0.5,-0.4,101.0,電機機械
3131,弘塑,342.0,-7.5,-2.15,99.9,其他電子業
3679,新至陞,160.0,3.5,2.24,99.7,電子零組件業
6120,達運,15.0,-0.3,-1.96,99.8,光電業
3059,華晶科,35.7,-0.6,-1.65,99.8,光電業
5604,中連貨,91.2,-0.3,-0.33,99.2,航運業
2547,日勝生,11.0,-0.25,-2.22,99.0,建材營造業
1558,伸興,162.0,-1.5,-0.92,98.1,電機機械
1560,中砂,69.2,-0.7,-1.0,97.6,電機機械
2540,愛山林,66.3,-1.3,-1.92,97.2,建材營造業
1310,台苯,18.4,-0.05,-0.27,97.1,塑膠工業
9943,好樂迪,65.8,-0.4,-0.6,96.9,觀光事業
6643,M31,309.5,2.0,0.65,96.9,半導體業
3090,日電貿,54.2,-1.1,-1.99,96.8,電子零組件業
2617,台航,23.1,1.0,4.52,96.4,航運業
1714,和桐,9.48,-0.1,-1.04,96.4,化學工業
3169,亞信,155.5,14.0,9.89,77.1,半導體業
1614,三洋電,35.8,-0.3,-0.83,96.3,電器電纜
6016,康和證,16.2,0.25,1.57,96.3,證券業
8215,明基材,30.0,-0.7,-2.28,96.2,光電業
5609,中菲行,76.1,0.0,0.0,95.9,航運業
2614,東森,17.1,0.0,0.0,95.2,貿易百貨業
3504,揚明光,83.4,7.5,9.88,95.1,光電業
3022,威強電,53.7,0.8,1.51,94.8,電腦及週邊設備業
2417,圓剛,49.15,-0.3,-0.61,94.8,電腦及週邊設備業
1231,聯華食,51.7,3.7,7.71,94.8,食品工業
8482,商億-KY,85.8,-3.2,-3.6,94.8,其他業
2323,中環,8.17,0.03,0.37,94.7,光電業
1712,興農,22.5,0.05,0.22,94.6,化學工業
1225,福懋油,43.2,-0.85,-1.93,94.5,食品工業
3450,聯鈞,64.6,-1.3,-1.97,94.1,其他電子業
8917,欣泰,70.0,-0.1,-0.14,94.1,油電燃氣業
5234,達興材料,91.4,-0.8,-0.87,93.9,光電業
3015,全漢,50.0,0.55,1.11,93.6,電子零組件業
3003,健和興,60.1,-0.5,-0.83,93.5,電子零組件業
5288,豐祥-KY,142.0,-2.5,-1.73,93.5,電機機械
3530,晶相光,119.5,2.0,1.7,93.3,半導體業
6206,飛捷,65.2,1.8,2.84,93.3,電腦及週邊設備業
6283,淳安,62.9,5.7,9.97,93.1,其他電子業
1264,德麥,276.0,0.0,0.0,93.0,食品工業
4571,鈞興-KY,195.0,-5.0,-2.5,94.4,電機機械
6203,海韻電,116.0,2.5,2.2,92.7,電子零組件業
1110,東泥,16.2,-0.1,-0.61,92.7,水泥工業
6290,良維,62.5,-0.5,-0.79,92.4,電子零組件業
4167,松瑞藥,30.7,1.0,3.37,92.3,生技醫療業
8404,百和興業-KY,29.05,-0.55,-1.86,91.6,其他業
2102,泰豐,19.3,0.55,2.93,91.4,橡膠工業
6416,瑞祺電通,125.0,-2.5,-1.96,85.0,通信網路業
1203,味王,37.95,-0.3,-0.78,91.1,食品工業
3362,先進光,81.6,4.7,6.11,91.0,光電業
3611,鼎翰,213.0,1.5,0.71,90.5,電腦及週邊設備業
2436,偉詮電,50.8,-1.5,-2.87,90.4,半導體業
2329,華泰,16.2,-0.15,-0.92,90.2,半導體業
1711,永光,16.45,0.05,0.3,90.1,化學工業
2010,春源,13.8,-0.05,-0.36,89.4,鋼鐵工業
2534,宏盛,18.8,-0.05,-0.27,89.2,建材營造業
2426,鼎元,29.6,0.2,0.68,89.0,光電業
3056,總太,42.5,-0.25,-0.58,88.9,建材營造業
1589,永冠-KY,80.2,-1.7,-2.08,88.7,電機機械
1447,力鵬,9.68,-0.08,-0.82,88.5,紡織纖維
2464,盟立,45.2,-1.75,-3.73,88.4,其他電子業
3049,和鑫,10.95,0.1,0.92,88.4,光電業
2107,厚生,25.8,0.4,1.57,88.3,橡膠工業
3176,基亞,63.5,-1.3,-2.01,88.3,生技醫療業
4306,炎洲,15.45,0.05,0.32,88.1,塑膠工業
8437,大地-KY,184.0,-3.0,-1.6,88.0,其他業
9926,新海,48.5,-0.05,-0.1,87.1,油電燃氣業
6683,雍智科技,321.0,-5.5,-1.68,86.9,半導體業
2114,鑫永銓,122.5,3.0,2.51,86.9,橡膠工業
2450,神腦,33.55,-0.6,-1.76,86.6,通信網路業
4107,邦特,125.0,-1.5,-1.19,86.6,生技醫療業
9924,福興,45.9,0.4,0.88,86.5,其他業
2457,飛宏,25.55,2.3,9.89,86.3,電子零組件業
6112,聚碩,45.7,0.8,1.78,86.1,資訊服務業
5215,科嘉-KY,145.0,0.5,0.35,86.0,電腦及週邊設備業
6187,萬潤,103.0,0.5,0.49,85.8,其他電子業
6261,久元,66.5,1.3,1.99,85.5,半導體業
4994,傳奇,76.7,-1.0,-1.29,84.9,資訊服務業
8076,伍豐,30.45,-0.4,-1.3,84.5,電腦及週邊設備業
8936,國統,34.05,0.15,0.44,84.5,其他業
1608,華榮,13.25,-0.05,-0.38,83.8,電器電纜
1307,三芳,21.0,-0.25,-1.18,83.5,塑膠工業
6581,鋼聯,74.9,-0.8,-1.06,83.3,其他業
2013,中鋼構,41.6,-0.2,-0.48,83.2,鋼鐵工業
8938,明安,61.3,-1.2,-1.92,82.9,其他業
6138,茂達,113.5,-4.5,-3.81,82.9,半導體業
6237,驊訊,104.0,2.0,1.96,83.0,半導體業
4205,中華食,102.5,1.0,0.99,82.7,食品工業
6115,鎰勝,44.0,0.05,0.11,82.6,電子零組件業
3149,正達,39.65,3.6,9.99,81.8,光電業
4104,佳醫,57.9,-0.1,-0.17,81.7,生技醫療業
6281,全國電,82.4,0.0,0.0,81.7,電子通路業
6024,群益期,38.75,-0.2,-0.51,81.5,證券業
8349,恒耀,70.0,0.2,0.29,81.6,鋼鐵工業
3219,倚強股份,115.0,1.0,0.88,80.8,半導體業
5203,訊連,99.7,0.0,0.0,80.4,資訊服務業
1325,恆大,94.1,0.7,0.75,80.2,塑膠工業
9942,茂順,96.4,0.4,0.42,80.2,其他業
4414,如興,9.78,-0.19,-1.91,80.1,紡織纖維
8499,鼎炫-KY,154.0,1.0,0.65,79.0,其他業
1321,大洋,35.05,-0.05,-0.14,79.6,塑膠工業
2419,仲琦,24.2,-0.2,-0.82,79.6,通信網路業
4960,誠美材,11.95,0.2,1.7,79.6,光電業
5263,智崴,141.5,-4.0,-2.75,78.9,文化創意業
3033,威健,21.35,0.15,0.71,78.5,電子通路業
5009,榮剛,16.8,-0.1,-0.59,78.4,鋼鐵工業
2028,威致,24.05,0.1,0.42,78.3,鋼鐵工業
2832,台產,21.6,-0.1,-0.46,78.2,保險業
5512,力麒,10.5,0.1,0.96,78.1,建材營造業
2433,互盛電,54.0,-0.2,-0.37,78.0,其他電子業
2314,台揚,34.2,-0.6,-1.72,78.0,通信網路業
5213,亞昕,22.5,0.1,0.45,77.9,建材營造業
6245,立端,65.8,-0.2,-0.3,77.6,通信網路業
4977,眾達-KY,113.0,-2.0,-1.74,77.6,通信網路業
2601,益航,11.3,0.8,7.62,77.6,貿易百貨業
8027,鈦昇,92.1,-1.0,-1.07,80.2,電機機械
6192,巨路,72.1,-0.4,-0.55,77.0,其他電子業
6129,普誠,42.55,3.75,9.66,77.0,半導體業
3669,圓展,82.8,-1.6,-1.9,76.9,光電業
2528,皇普,23.2,-0.15,-0.64,76.6,建材營造業
3454,晶睿,88.0,-0.1,-0.11,76.5,光電業
3645,達邁,58.2,-1.1,-1.85,75.5,電子零組件業
8924,大田,90.5,-2.5,-2.69,75.8,其他業
2480,敦陽科,71.2,0.7,0.99,75.7,資訊服務業
2029,盛餘,23.5,-0.3,-1.26,75.5,鋼鐵工業
3483,力致,106.5,1.5,1.43,75.3,電腦及週邊設備業
4119,旭富,94.5,0.2,0.21,75.1,生技醫療業
5474,聰泰,222.5,4.0,1.83,75.0,電腦及週邊設備業
2536,宏普,22.55,-0.2,-0.88,75.0,建材營造業
9905,大華,24.6,-0.15,-0.61,75.0,其他業
1522,堤維西,23.9,-0.1,-0.42,74.8,汽車工業
2397,友通,65.2,-0.3,-0.46,74.8,電腦及週邊設備業
2467,志聖,49.4,0.45,0.92,73.7,電子零組件業
2530,華建,14.15,-0.1,-0.7,73.7,建材營造業
5285,界霖,78.2,-3.2,-3.93,73.6,半導體業
3048,益登,33.05,0.15,0.46,73.6,電子通路業
4114,健喬,26.15,0.05,0.19,73.4,生技醫療業
6477,安集,68.5,4.4,6.86,64.7,光電業
4564,元翎,40.0,1.9,4.99,72.0,電機機械
4739,康普,70.8,-1.6,-2.21,72.9,化學工業
3712,永崴投控,29.55,-0.5,-1.66,72.8,電腦及週邊設備業
1709,和益,15.2,0.15,1.0,72.5,化學工業
6139,亞翔,32.05,-0.45,-1.38,72.3,其他電子業
8444,綠河-KY,85.1,7.7,9.95,72.1,其他業
5340,建榮,37.0,3.35,9.96,72.1,電子零組件業
6183,關貿,48.05,-0.25,-0.52,72.1,資訊服務業
4152,台微體,85.3,-0.7,-0.81,71.8,生技醫療業
5443,均豪,43.45,0.2,0.46,71.8,光電業
8028,昇陽半導體,54.0,-1.0,-1.82,71.5,半導體業
6184,大豐電,45.1,0.15,0.33,71.4,其他業
2349,錸德,10.25,-0.15,-1.44,71.1,光電業
4953,緯軟,106.5,1.0,0.95,71.0,資訊服務業
6715,嘉基,124.5,-2.0,-1.58,71.0,電子零組件業
9951,皇田,94.5,0.2,0.21,70.8,電機機械
3557,嘉威,97.6,-1.5,-1.51,70.6,其他業
6125,廣運,28.25,-0.1,-0.35,70.3,光電業
3062,建漢,21.4,0.0,0.0,70.3,通信網路業
1109,信大,20.5,0.0,0.0,70.1,水泥工業
2731,雄獅,100.0,-0.5,-0.5,70.0,觀光事業
2706,第一店,13.95,-0.1,-0.71,69.7,觀光事業
1583,程泰,62.9,-0.8,-1.26,69.4,電機機械
1533,車王電,70.4,-1.0,-1.4,69.4,汽車工業
1720,生達,38.8,0.45,1.17,69.3,生技醫療業
2612,中航,35.05,-0.2,-0.57,69.2,航運業
8110,華東,13.65,-0.1,-0.73,69.1,半導體業
5546,永固-KY,86.1,-3.2,-3.58,68.9,建材營造業
8083,瑞穎,196.0,0.5,0.26,68.9,電機機械
2477,美隆電,34.65,-0.1,-0.29,68.7,其他電子業
6189,豐藝,38.3,-0.05,-0.13,68.6,電子通路業
3587,閎康,110.0,-2.0,-1.79,68.5,其他電子業
1442,名軒,18.6,0.45,2.48,57.3,建材營造業
9919,康那香,34.8,0.1,0.29,68.0,其他業
1612,宏泰,21.5,0.15,0.7,68.0,電器電纜
4763,材料-KY,132.5,0.5,0.38,67.7,化學工業
2910,統領,32.35,-1.25,-3.72,67.5,貿易百貨業
3617,碩天,83.4,-0.4,-0.48,67.5,其他電子業
2636,台驊投控,53.0,0.5,0.95,67.4,航運業
1701,中化,22.6,-0.25,-1.09,67.4,生技醫療業
1464,得力,17.5,-0.25,-1.41,67.3,紡織纖維
3501,維熹,56.6,-0.1,-0.18,66.9,電子零組件業
9918,欣天然,37.05,-0.05,-0.13,66.9,油電燃氣業
6672,騰輝電子-KY,92.5,-0.9,-0.96,66.1,電子零組件業
1737,臺鹽,32.85,-0.05,-0.15,65.7,食品工業
1815,富喬,15.7,0.15,0.96,65.6,電子零組件業
1219,福壽,20.35,-0.1,-0.49,65.5,食品工業
2402,毅嘉,21.15,1.9,9.87,65.0,電子零組件業
3092,鴻碩,77.7,-1.8,-2.26,67.2,電子零組件業
8050,廣積,36.45,-0.25,-0.68,64.6,電腦及週邊設備業
5607,遠雄港,28.05,-0.3,-1.06,64.5,航運業
1527,鑽全,46.5,-0.25,-0.53,64.4,電機機械
4755,三福化,63.6,-0.2,-0.31,64.0,化學工業
5351,鈺創,23.75,0.15,0.64,63.6,半導體業
8446,華研,120.0,-0.5,-0.41,63.5,文化創意業
6469,大樹,119.0,10.5,9.68,63.6,生技醫療業
6104,創惟,70.3,-0.4,-0.57,63.5,半導體業
8114,振樺電,84.3,-1.5,-1.75,89.4,電腦及週邊設備業
1455,集盛,11.75,-0.2,-1.67,62.5,紡織纖維
9927,泰銘,29.8,-0.15,-0.5,62.3,其他業
1760,寶齡富錦,81.0,-1.3,-1.58,62.2,生技醫療業
6762,達亞,299.0,9.5,3.28,62.0,生技醫療業
3257,虹冠電,85.0,-1.5,-1.73,61.8,半導體業
6021,大慶證,20.15,-0.05,-0.25,61.8,證券業
2369,菱生,16.25,0.0,0.0,61.8,半導體業
5309,系統電,40.05,-0.9,-2.2,61.9,電子零組件業
4416,三圓,102.0,-1.0,-0.97,61.2,建材營造業
5538,東明-KY,36.4,-1.35,-3.58,61.2,鋼鐵工業
8155,博智,122.5,-2.5,-2.0,61.0,電子零組件業
6209,今國光,37.3,-0.4,-1.06,60.9,光電業
2406,國碩,20.9,-0.55,-2.56,59.8,光電業
2228,劍麟,78.7,-0.4,-0.51,59.6,汽車工業
6552,易華電,71.7,-0.9,-1.24,59.5,半導體業
2342,茂矽,38.0,-0.45,-1.17,59.3,半導體業
9934,成霖,16.55,0.0,0.0,59.1,其他業
2476,鉅祥,31.75,-0.65,-2.01,58.7,電子零組件業
6538,倉和,157.5,-3.0,-1.87,58.7,電子零組件業
3041,揚智,30.15,0.2,0.67,58.7,半導體業
6212,理銘,57.5,0.0,0.0,58.6,建材營造業
2514,龍邦,14.85,-0.05,-0.34,58.6,其他業
8084,巨虹,84.2,0.1,0.12,58.5,電子通路業
4164,承業醫,37.2,-0.2,-0.53,52.7,生技醫療業
8042,金山電,46.45,0.2,0.43,58.4,電子零組件業
2485,兆赫,18.35,-0.25,-1.34,58.3,通信網路業
8105,凌巨,13.2,0.15,1.15,58.3,光電業
6438,迅得,96.6,-0.2,-0.21,58.2,其他電子業
3605,宏致,47.5,-2.9,-5.75,58.1,電子零組件業
6516,勤崴國際,150.5,4.5,3.08,58.1,資訊服務業
2732,六角,142.5,-1.0,-0.7,61.7,觀光事業
2527,宏璟,21.45,0.1,0.47,58.0,建材營造業
3029,零壹,45.9,0.15,0.33,57.3,資訊服務業
6150,撼訊,128.0,5.5,4.49,57.4,電腦及週邊設備業
6251,定穎,20.7,1.3,6.7,57.4,電子零組件業
4942,嘉彰,40.15,0.1,0.25,57.2,光電業
5439,高技,66.4,-0.1,-0.15,57.1,電子零組件業
2316,楠梓電,31.2,0.25,0.81,57.0,電子零組件業
8473,山林水,42.15,-0.3,-0.71,56.8,其他業
4190,佐登-KY,93.2,-1.0,-1.06,56.8,生技醫療業
5525,順天,21.45,-0.15,-0.69,56.8,建材營造業
2012,春雨,19.7,0.15,0.77,56.7,鋼鐵工業
3028,增你強,26.5,0.55,2.12,56.7,電子通路業
3465,進泰電子,175.5,-1.0,-0.57,56.4,電子零組件業
2459,敦吉,53.4,1.3,2.5,56.4,電子通路業
3416,融程電,77.8,-0.2,-0.26,56.2,電腦及週邊設備業
4540,全球傳動,59.8,-1.2,-1.97,56.3,電機機械
4746,台耀,51.9,-0.2,-0.38,56.2,生技醫療業
2420,新巨,36.8,-0.1,-0.27,56.2,電子零組件業
8481,政伸,84.2,1.2,1.45,56.1,其他業
6288,聯嘉,30.85,-0.55,-1.75,52.8,汽車工業
2729,瓦城,240.5,-1.5,-0.62,56.0,觀光事業
2233,宇隆,92.6,-0.3,-0.32,55.8,汽車工業
4934,太極,27.8,-0.45,-1.59,55.6,光電業
3484,崧騰,79.6,0.8,1.02,55.5,電子零組件業
2486,一詮,27.45,-0.05,-0.18,55.4,光電業
3388,崇越電,74.7,-0.1,-0.13,55.3,電子零組件業
6124,業強,30.3,0.25,0.83,55.3,電子零組件業
3338,泰碩,62.8,0.0,0.0,54.8,電子零組件業
1514,亞力,25.15,-0.25,-0.98,54.7,電機機械
3032,偉訓,48.2,0.5,1.05,54.6,電子零組件業
1338,廣華-KY,65.1,-0.4,-0.61,54.6,汽車工業
6449,鈺邦,64.5,0.8,1.26,54.5,電子零組件業
2546,根基,51.4,0.2,0.39,54.5,建材營造業
1580,新麥,108.5,5.0,4.83,54.5,電機機械
8916,光隆,41.55,-0.05,-0.12,54.5,其他業
4108,懷特,27.3,0.15,0.55,54.2,生技醫療業
3558,神準,110.5,0.0,0.0,54.2,通信網路業
8383,千附,45.8,-0.05,-0.11,54.1,其他電子業
3130,一零四,162.5,-1.0,-0.61,53.9,資訊服務業
1708,東鹼,23.55,-0.1,-0.42,53.8,化學工業
3583,辛耘,66.3,0.1,0.15,53.8,半導體業
2701,萬企,11.95,0.0,0.0,53.8,觀光事業
8463,潤泰材,35.8,-0.3,-0.83,53.7,其他業
8427,基勝-KY,51.5,-0.5,-0.96,53.7,其他業
6175,立敦,39.15,-0.2,-0.51,54.5,電子零組件業
8183,精星,44.0,4.0,10.0,53.4,其他電子業
8109,博大,73.3,0.0,0.0,53.2,電子零組件業
4952,凌通,48.85,0.15,0.31,53.2,半導體業
9946,三發地產,16.55,0.05,0.3,53.1,建材營造業
6747,亨泰光,219.5,-9.5,-4.15,53.1,生技醫療業
4192,杏國,49.8,-0.3,-0.6,53.1,生技醫療業
8927,北基,27.6,0.55,2.03,52.9,油電燃氣業
6535,順藥,35.7,-0.1,-0.28,52.6,生技醫療業
6197,佳必琪,42.85,1.05,2.51,52.3,電子零組件業
1734,杏輝,31.1,-0.65,-2.05,52.2,生技醫療業
4171,瑞基,128.5,-5.0,-3.75,52.2,農業科技業
3540,曜越,78.0,-0.9,-1.14,52.0,電腦及週邊設備業
3622,洋華,34.25,0.65,1.93,51.8,光電業
2466,冠西電,33.1,-0.4,-1.19,51.7,光電業
4126,太醫,71.2,0.1,0.14,51.7,生技醫療業
6441,廣錠,134.5,0.0,0.0,51.9,電腦及週邊設備業
2241,艾姆勒,60.8,2.3,3.93,51.6,電機機械
3437,榮創,35.5,0.15,0.42,51.3,光電業
2841,台開,6.73,-0.24,-3.44,51.2,建材營造業
1108,幸福,12.65,0.4,3.27,51.2,水泥工業
1603,華電,26.6,-0.3,-1.12,51.0,電器電纜
1268,漢來美食,135.0,-1.0,-0.74,50.9,觀光事業
1525,江申,69.1,-0.7,-1.0,50.7,汽車工業
3209,全科,26.8,0.2,0.75,48.4,電子通路業
4737,華廣,81.2,0.3,0.37,50.0,生技醫療業
3631,晟楠,62.7,0.0,0.0,50.1,電子零組件業
2460,建通,29.6,1.7,6.09,50.1,電子零組件業
6208,日揚,43.3,-0.45,-1.03,50.2,電子零組件業
1457,宜進,16.55,-0.05,-0.3,49.9,紡織纖維
4439,冠星-KY,158.0,-1.5,-0.94,49.8,紡織纖維
2020,美亞,22.3,0.4,1.83,49.6,鋼鐵工業
1437,勤益控,24.3,0.5,2.1,49.4,其他業
1535,中宇,39.4,0.55,1.42,48.8,電機機械
6651,全宇昕,149.5,-10.0,-6.27,48.7,半導體業
2062,橋椿,29.9,0.35,1.18,48.7,其他業
6020,大展證,19.3,0.0,0.0,48.7,證券業
4989,榮科,31.65,2.85,9.9,48.5,電子零組件業
5299,杰力,136.0,0.0,0.0,48.2,半導體業
2497,怡利電,40.55,0.55,1.38,48.2,汽車工業
4721,美琪瑪,63.8,-1.6,-2.45,47.8,化學工業
6613,朋億,141.0,-0.5,-0.35,47.8,其他電子業
3289,宜特,51.1,-1.1,-2.11,47.8,其他電子業
3527,聚積,107.5,-3.5,-3.15,47.8,半導體業
2816,旺旺保,21.35,-0.05,-0.23,47.7,保險業
5521,工信,10.65,-0.1,-0.93,47.7,建材營造業
5608,四維航,17.05,1.55,10.0,47.6,航運業
8261,富鼎,58.4,3.0,5.42,47.5,半導體業
9935,慶豐富,28.0,-0.65,-2.27,47.5,其他業
6666,羅麗芬-KY,100.0,-0.5,-0.5,47.4,生技醫療業
8996,高力,52.8,-0.5,-0.94,47.2,電機機械
3083,網龍,54.8,1.2,2.24,47.2,文化創意業
4764,雙鍵,62.5,0.0,0.0,47.1,化學工業
3548,兆利,78.0,-1.0,-1.27,46.9,電子零組件業
3305,昇貿,39.65,0.1,0.25,46.9,其他電子業
8021,尖點,32.95,0.4,1.23,46.8,其他電子業
8480,泰昇-KY,119.0,-1.5,-1.24,46.7,其他業
5392,應華,27.45,1.05,3.98,46.7,光電業
5533,皇鼎,16.35,-0.15,-0.91,46.6,建材營造業
3346,麗清,58.1,5.2,9.83,44.0,汽車工業
2007,燁興,8.77,-0.1,-1.13,46.5,鋼鐵工業
3167,大量,57.9,-0.4,-0.69,46.4,電機機械
3266,昇陽,13.15,-0.35,-2.59,46.3,建材營造業
3491,昇達科,74.9,-1.0,-1.32,46.6,通信網路業
6201,亞弘電,51.6,-0.2,-0.39,46.0,其他電子業
6509,聚和,26.45,-0.05,-0.19,45.8,化學工業
1762,中化生,59.0,1.2,2.08,45.8,生技醫療業
4426,利勤,26.5,-0.4,-1.49,45.8,紡織纖維
3226,至寶電,71.0,-4.2,-5.59,45.7,電機機械
9931,欣高,41.4,-0.45,-1.08,45.7,油電燃氣業
4991,環宇-KY,49.8,0.6,1.22,45.5,半導體業
2616,山隆,33.05,-0.05,-0.15,45.4,油電燃氣業
1730,花仙子,71.3,0.0,0.0,45.1,化學工業
4728,雙美,82.5,0.0,0.0,44.9,生技醫療業
2640,大車隊,79.3,0.0,0.0,44.8,其他業
8099,大世科,50.3,4.55,9.95,44.5,資訊服務業
1217,愛之味,8.99,-0.07,-0.77,44.5,食品工業
4163,鐿鈦,92.0,-0.3,-0.33,44.4,生技醫療業
6485,點序,112.5,-1.0,-0.88,44.3,半導體業
2405,浩鑫,12.85,0.55,4.47,44.1,電腦及週邊設備業
2414,精技,27.25,-0.1,-0.37,44.1,電子通路業
2538,基泰,10.05,-0.1,-0.99,44.1,建材營造業
2115,六暉-KY,48.65,-0.35,-0.71,44.0,汽車工業
6558,興能高,50.4,-1.2,-2.33,43.8,其他電子業
2509,全坤建,19.5,-0.25,-1.27,43.8,建材營造業
6668,中揚光,64.0,0.6,0.95,43.7,光電業
3088,艾訊,52.9,0.2,0.38,44.1,電腦及週邊設備業
8478,東哥遊艇,48.05,-0.95,-1.94,43.7,其他業
6655,科定,59.0,-0.6,-1.01,43.6,其他業
1541,錩泰,55.3,-0.1,-0.18,43.6,電機機械
3694,海華,28.95,0.3,1.05,43.6,通信網路業
3546,宇峻,94.9,1.4,1.5,43.5,文化創意業
3323,加百裕,54.2,-0.9,-1.63,43.5,電腦及週邊設備業
1467,南緯,18.5,-0.35,-1.86,43.2,紡織纖維
1611,中電,13.35,0.4,3.09,43.1,電器電纜
2493,揚博,37.6,0.25,0.67,43.0,電子零組件業
8271,宇瞻,42.1,-0.15,-0.36,42.9,半導體業
4999,鑫禾,57.6,0.7,1.23,42.9,電子零組件業
6142,友勁,12.95,0.25,1.97,47.8,通信網路業
5403,中菲,68.3,-0.5,-0.73,42.8,資訊服務業
2399,映泰,24.0,2.15,9.84,42.7,電腦及週邊設備業
4528,江興鍛,55.8,-1.2,-2.11,42.7,電機機械
3141,晶宏,65.0,0.9,1.4,42.5,半導體業
4552,力達-KY,36.6,-0.2,-0.54,42.5,電機機械
2374,佳能,15.0,-0.1,-0.66,42.4,光電業
1593,祺驊,124.5,-3.0,-2.35,42.3,生技醫療業
1521,大億,55.3,0.1,0.18,42.2,汽車工業
6141,柏承,32.6,-0.6,-1.81,42.0,電子零組件業
6015,宏遠證,12.7,0.05,0.4,42.0,證券業
4974,亞泰,57.8,0.0,0.0,41.9,電子零組件業
2752,豆府,185.0,-1.5,-0.8,41.7,觀光事業
1446,宏和,30.25,-0.35,-1.14,41.7,紡織纖維
4401,東隆興,34.6,0.05,0.14,41.6,紡織纖維
4566,時碩工業,61.5,-0.6,-0.97,41.4,電機機械
4726,永昕,32.25,-0.3,-0.92,49.4,生技醫療業
5452,佶優,27.8,2.5,9.88,41.4,其他電子業
6143,振曜,49.75,0.9,1.84,41.3,通信網路業
3713,新晶投控,52.7,-0.1,-0.19,41.2,光電業
2462,良得電,28.9,0.2,0.7,41.0,電子零組件業
2852,第一保,13.6,0.05,0.37,41.0,保險業
8466,美吉吉-KY,62.0,-1.3,-2.05,41.0,其他業
1460,宏遠,8.03,-0.07,-0.86,40.9,紡織纖維
2430,燦坤,24.5,0.25,1.03,40.8,電子通路業
9103,美德醫療-DR,19.8,-0.75,-3.65,40.7,
4760,勤凱,132.0,2.0,1.54,41.7,其他電子業
6457,紘康,135.5,-2.5,-1.81,40.5,半導體業
5223,安力-KY,93.3,-3.6,-3.72,40.4,電腦及週邊設備業
2017,官田鋼,11.8,-0.1,-0.84,40.3,鋼鐵工業
6435,大中,121.0,-1.0,-0.82,40.3,半導體業
6263,普萊德,64.3,-0.1,-0.16,40.2,通信網路業
8431,匯鑽科,90.4,3.8,4.39,40.2,其他電子業
9906,欣巴巴,48.2,0.55,1.15,40.2,建材營造業
6111,大宇資,63.6,-1.2,-1.85,40.1,文化創意業
4120,友華,46.0,0.1,0.22,39.9,生技醫療業
8040,九暘,58.2,5.2,9.81,39.9,半導體業
2712,遠雄來,37.85,-0.15,-0.39,39.7,觀光事業
3265,台星科,29.05,-0.15,-0.51,39.6,半導體業
5907,大洋-KY,20.2,0.05,0.25,39.5,貿易百貨業
6168,宏齊,19.15,0.7,3.79,39.5,光電業
8054,安國,55.8,5.0,9.84,39.4,半導體業
5514,三豐,20.25,-0.35,-1.7,39.3,建材營造業
2506,太設,10.15,0.0,0.0,39.3,建材營造業
3666,光耀,67.0,-3.3,-4.69,39.3,光電業
6499,益安,59.0,0.0,0.0,39.3,生技醫療業
1752,南光,38.85,0.05,0.13,39.2,生技醫療業
3163,波若威,52.0,-0.8,-1.52,39.1,通信網路業
1342,八貫,57.7,-0.6,-1.03,39.1,其他業
4526,東台,15.35,-0.1,-0.65,39.1,電機機械
4580,捷流閥業,99.9,-0.1,-0.1,39.1,電機機械
5519,隆大,17.75,-0.4,-2.2,38.9,建材營造業
1618,合機,16.15,1.45,9.86,38.9,電器電纜
1586,和勤,46.35,0.85,1.87,39.0,電機機械
2705,六福,20.8,-0.2,-0.95,38.8,觀光事業
6569,醫揚,141.0,-0.5,-0.35,38.8,生技醫療業
6598,ABC-KY,47.45,-1.0,-2.06,38.6,生技醫療業
6426,統新,100.5,0.0,0.0,38.7,通信網路業
6523,達爾膚,85.3,-0.2,-0.23,38.4,生技醫療業
6220,岳豐,29.2,-0.3,-1.02,38.4,電子零組件業
3178,公準,85.2,-1.3,-1.5,38.4,電機機械
3479,安勤,54.6,0.0,0.0,38.3,電腦及週邊設備業
7556,意德士,179.0,6.5,3.77,38.3,半導體業
2484,希華,24.0,-0.2,-0.83,38.3,電子零組件業
4555,氣立,57.1,-2.5,-4.19,38.2,電機機械
4944,兆遠,43.75,0.05,0.11,38.1,光電業
1436,華友聯,39.75,-0.2,-0.5,38.0,建材營造業
3373,熱映,87.4,0.2,0.23,37.8,其他電子業
8104,錸寶,55.9,-0.1,-0.18,37.8,光電業
6186,新潤,29.05,0.0,0.0,37.8,建材營造業
1626,艾美特-KY,26.9,-0.35,-1.28,37.5,電器電纜
3055,蔚華科,36.6,1.2,3.39,37.5,電子通路業
2390,云辰,17.45,-0.15,-0.85,37.3,其他電子業
1569,濱川,31.25,-0.2,-0.64,37.6,電腦及週邊設備業
6664,群翊,67.7,0.7,1.04,37.2,電子零組件業
6126,信音,29.2,0.0,0.0,37.0,電子零組件業
4549,桓達,87.2,0.2,0.23,37.0,電機機械
3556,禾瑞亞,62.0,-0.5,-0.8,36.9,半導體業
5013,強新,27.6,0.1,0.36,36.8,鋼鐵工業
8931,大汽電,30.05,0.0,0.0,36.7,油電燃氣業
6235,華孚,21.65,0.2,0.93,36.5,電腦及週邊設備業
2030,彰源,13.05,-0.25,-1.88,36.6,鋼鐵工業
4967,十銓,49.85,-1.05,-2.06,34.0,半導體業
5312,寶島科,60.9,0.5,0.83,36.6,生技醫療業
6219,富旺,23.65,-0.1,-0.42,36.4,建材營造業
1615,大山,29.6,0.0,0.0,36.4,電器電纜
8390,金益鼎,34.4,0.15,0.44,40.3,其他業
3094,聯傑,43.0,2.1,5.13,36.4,半導體業
2495,普安,13.3,1.15,9.47,36.4,其他電子業
3294,英濟,27.5,2.5,10.0,36.3,電子零組件業
3144,新揚科,35.9,0.05,0.14,36.1,電子零組件業
4707,磐亞,11.95,0.0,0.0,36.1,化學工業
6716,應廣,162.0,14.5,9.83,36.1,半導體業
1810,和成,9.74,-0.07,-0.71,36.0,玻璃陶瓷
2425,承啟,35.4,3.2,9.94,35.9,電腦及週邊設備業
6568,宏觀,139.5,-1.5,-1.06,35.9,半導體業
8240,華宏,35.8,0.0,0.0,35.8,光電業
2926,誠品生活,75.4,0.0,0.0,35.7,文化創意業
2415,錩新,44.6,3.65,8.91,35.7,電子零組件業
4735,豪展,94.4,0.0,0.0,35.7,生技醫療業
8234,新漢,25.25,-0.3,-1.17,35.7,電腦及週邊設備業
1806,冠軍,8.22,0.07,0.86,35.7,玻璃陶瓷
1786,科妍,58.1,-0.2,-0.34,35.4,生技醫療業
5515,建國,13.75,0.1,0.73,35.4,建材營造業
2423,固緯,24.35,0.05,0.21,35.3,其他電子業
6026,福邦證,14.2,0.1,0.71,35.3,證券業
6108,競國,22.05,-0.05,-0.23,35.3,電子零組件業
9105,泰金寶-DR,4.2,0.04,0.96,35.2,
6231,系微,92.4,-0.3,-0.32,35.2,資訊服務業
2302,麗正,21.1,0.0,0.0,35.1,半導體業
2413,環科,27.55,0.55,2.04,35.1,電子零組件業
5864,致和證,14.75,0.05,0.34,35.0,證券業
8403,盛弘,32.2,-0.2,-0.62,35.1,生技醫療業
6128,上福,27.35,0.05,0.18,34.9,電腦及週邊設備業
8416,實威,123.5,0.5,0.41,34.8,資訊服務業
1435,中福,24.9,-0.65,-2.54,34.8,其他業
5511,德昌,30.65,-0.05,-0.16,34.8,建材營造業
3455,由田,56.5,-1.1,-1.91,34.7,光電業
2754,亞洲藏壽司,77.2,0.8,1.05,35.0,觀光事業
4930,燦星網,25.85,-0.6,-2.27,34.7,電器電纜
4572,駐龍,96.9,-0.5,-0.51,34.7,電機機械
6221,晉泰,67.4,1.4,2.12,34.4,資訊服務業
3624,光頡,29.3,0.0,0.0,34.4,電子零組件業
8182,加高,32.1,-0.85,-2.58,34.4,電子零組件業
3438,類比科,72.8,-2.0,-2.67,34.3,半導體業
3213,茂訊,58.3,3.8,6.97,34.2,電腦及週邊設備業
1568,倉佑,33.0,0.55,1.69,34.0,汽車工業
4722,國精化,34.0,0.4,1.19,34.0,化學工業
8121,越峰,18.5,-0.05,-0.27,33.9,電子零組件業
1530,亞崴,34.9,0.1,0.29,33.7,電機機械
3040,遠見,53.5,1.2,2.29,33.7,其他業
3162,精確,26.6,2.35,9.69,33.7,電機機械
1517,利奇,14.7,0.15,1.03,33.5,電機機械
5489,彩富,32.6,-0.2,-0.61,33.5,其他電子業
2022,聚亨,6.94,-0.08,-1.14,33.3,鋼鐵工業
2748,雲品,44.05,-0.1,-0.23,33.3,觀光事業
2722,夏都,29.7,-0.2,-0.67,33.1,觀光事業
6287,元隆,7.5,0.26,3.59,32.9,半導體業
3024,憶聲,11.85,-0.2,-1.66,32.8,光電業
2906,高林,15.7,-0.45,-2.79,32.8,貿易百貨業
5465,富驊,20.0,-0.6,-2.91,32.8,電腦及週邊設備業
3317,尼克森,53.5,0.2,0.38,32.8,半導體業
2642,宅配通,34.25,0.05,0.15,32.7,航運業
3038,全台,20.05,0.25,1.26,32.6,光電業
3541,西柏,57.3,-0.2,-0.35,32.5,其他電子業
3004,豐達科,61.6,-1.0,-1.6,32.4,鋼鐵工業
1451,年興,16.3,-0.6,-3.55,32.3,紡織纖維
4933,友輝,40.55,-0.25,-0.61,32.2,光電業
3588,通嘉,67.3,1.4,2.12,32.2,半導體業
1341,富林-KY,64.9,0.7,1.09,32.1,塑膠工業
6486,互動,85.0,-0.6,-0.7,32.9,通信網路業
2008,高興昌,15.95,-0.1,-0.62,32.0,鋼鐵工業
2038,海光,17.6,-0.3,-1.68,31.9,鋼鐵工業
1233,天仁,35.2,-0.25,-0.71,31.9,食品工業
8103,瀚荃,40.35,1.7,4.4,31.9,電子零組件業
6294,智基,136.0,1.0,0.74,31.8,文化創意業
3234,光環,41.25,-0.5,-1.2,31.5,通信網路業
3071,協禧,28.6,0.4,1.42,31.5,電腦及週邊設備業
8279,生展,116.0,0.0,0.0,31.4,生技醫療業
6123,上奇,53.2,0.4,0.76,31.4,電腦及週邊設備業
2461,光群雷,19.7,-0.15,-0.76,31.4,其他電子業
4133,亞諾法,51.8,-0.7,-1.33,31.4,生技醫療業
6205,詮欣,43.65,0.2,0.46,31.4,電子零組件業
3052,夆典,13.7,-0.1,-0.72,31.3,建材營造業
5706,鳳凰,46.65,1.1,2.41,31.3,觀光事業
3272,東碩,57.0,-1.1,-1.89,31.1,電腦及週邊設備業
2359,所羅門,18.15,0.1,0.55,31.1,其他電子業
3031,佰鴻,17.1,-0.15,-0.87,31.1,光電業
1323,永裕,34.0,-0.5,-1.45,31.0,塑膠工業
6733,博晟生醫,30.5,-0.5,-1.61,31.0,生技醫療業
8091,翔名,68.2,-0.2,-0.29,31.0,電子零組件業
3512,皇龍,36.65,-0.35,-0.95,30.8,電子零組件業
1339,昭輝,41.5,0.0,0.0,30.8,汽車工業
3675,德微,69.2,-0.5,-0.72,30.7,半導體業
6233,旺玖,38.45,0.9,2.4,30.6,半導體業
2726,雅茗-KY,83.7,-0.8,-0.95,30.6,觀光事業
5356,協益,29.55,0.5,1.72,30.4,電腦及週邊設備業
4907,富宇,25.75,0.15,0.59,30.4,建材營造業
5520,力泰,50.4,-0.6,-1.18,30.4,建材營造業
1459,聯發,8.47,-0.16,-1.85,30.4,紡織纖維
4417,金洲,36.1,-0.25,-0.69,30.3,紡織纖維
4130,健亞,28.05,-0.25,-0.88,30.3,生技醫療業
5206,坤悅,19.4,-0.1,-0.51,30.2,建材營造業
3498,陽程,47.55,1.3,2.81,30.5,其他電子業
5014,建錩,18.2,-0.15,-0.82,30.1,鋼鐵工業
8374,羅昇,26.75,-0.1,-0.37,30.0,電機機械
8011,台通,21.0,-0.35,-1.64,28.9,通信網路業
8933,愛地雅,12.3,0.0,0.0,29.9,其他業
1713,國化,19.8,-0.1,-0.5,29.9,化學工業
1599,宏佳騰,38.9,0.85,2.23,29.7,電機機械
1235,興泰,28.3,0.3,1.07,29.5,食品工業
3551,世禾,51.9,0.1,0.19,29.5,其他電子業
3528,安馳,44.85,-0.15,-0.33,29.4,電子通路業
4979,華星光,24.4,0.15,0.62,29.3,通信網路業
1423,利華,21.1,0.0,0.0,29.2,紡織纖維
1725,元禎,16.05,-0.05,-0.31,29.2,化學工業
2739,寒舍,26.1,0.1,0.38,29.1,觀光事業
6754,匯僑設計,44.0,-0.2,-0.45,29.0,其他業
3372,典範,16.85,1.05,6.65,29.0,半導體業
4560,強信-KY,42.5,-0.4,-0.93,28.9,電機機械
2537,聯上發,9.62,-0.1,-1.03,28.9,建材營造業
8049,晶采,24.4,0.1,0.41,28.9,光電業
6698,旭暉應材,43.4,0.0,0.0,28.8,其他電子業
5523,豐謙,18.55,-0.05,-0.27,28.8,建材營造業
8171,天宇,56.3,0.0,0.0,28.6,通信網路業
5498,凱崴,16.85,0.3,1.81,28.5,電子零組件業
3086,華義,147.0,9.0,6.52,28.5,文化創意業
3325,旭品,33.6,0.05,0.15,28.4,電腦及週邊設備業
4113,聯上,13.45,0.0,0.0,28.4,建材營造業
4168,醣聯,28.95,-0.7,-2.36,28.2,生技醫療業
6127,九豪,26.05,0.05,0.19,28.2,電子零組件業
6542,隆中,67.0,1.4,2.13,28.1,文化創意業
6190,萬泰科,19.9,-0.1,-0.5,27.9,通信網路業
3259,鑫創,43.0,0.75,1.78,27.8,半導體業
8249,菱光,21.85,-0.1,-0.46,27.8,電子零組件業
6642,富致,88.3,1.5,1.73,27.7,電子零組件業
5490,同亨,28.65,1.35,4.95,27.6,電腦及週邊設備業
6671,三能-KY,45.0,-0.95,-2.07,27.3,其他業
3025,星通,38.35,3.45,9.89,27.2,通信網路業
1777,生泰,90.4,-0.2,-0.22,27.2,生技醫療業
8064,東捷,16.4,0.25,1.55,27.0,光電業
2613,中櫃,18.2,0.05,0.28,27.0,航運業
6207,雷科,32.2,1.95,6.45,27.0,電子零組件業
6417,韋僑,75.7,0.0,0.0,27.0,通信網路業
4106,雃博,26.6,0.15,0.57,26.8,生技醫療業
4956,光鋐,26.7,1.55,6.16,26.8,光電業
3543,州巧,29.95,0.3,1.01,26.7,光電業
6217,中探針,40.8,1.9,4.88,26.8,電子零組件業
1414,東和,12.15,-0.25,-2.02,26.7,紡織纖維
2488,漢平,33.4,0.6,1.83,26.7,其他電子業
3050,鈺德,18.3,-0.4,-2.14,26.7,光電業
6577,勁豐,69.6,0.1,0.14,26.6,電腦及週邊設備業
1526,日馳,44.2,0.1,0.23,26.5,電機機械
1473,台南,18.0,-0.15,-0.83,26.5,紡織纖維
3685,元創精密,33.1,0.4,1.22,26.5,光電業
6667,信紘科,66.5,-1.0,-1.48,26.5,其他電子業
3511,矽瑪,33.05,-0.25,-0.75,26.4,電子零組件業
3591,艾笛森,21.5,0.3,1.42,26.3,光電業
4557,永新-KY,66.1,-0.5,-0.75,26.3,汽車工業
8442,威宏-KY,43.75,1.2,2.82,26.2,其他業
6101,寬魚國際,22.5,-0.15,-0.66,26.2,文化創意業
2069,運錩,16.75,-0.2,-1.18,26.2,鋼鐵工業
3508,位速,25.6,-0.35,-1.35,26.2,其他電子業
1531,高林股,14.25,-0.05,-0.35,26.2,電機機械
2365,昆盈,11.65,0.1,0.87,26.2,電腦及週邊設備業
6508,惠光,30.65,-0.1,-0.33,26.1,農業科技業
3701,大眾控,13.7,-0.15,-1.08,26.1,電腦及週邊設備業
1906,寶隆,17.2,-0.2,-1.15,26.0,造紙工業
8043,蜜望實,32.45,-0.15,-0.46,25.9,電子零組件業
5328,華容,14.95,0.7,4.91,25.8,電子零組件業
3419,譁裕,21.4,0.2,0.94,25.8,通信網路業
4129,聯合,32.85,-0.2,-0.61,25.8,生技醫療業
6195,詩肯,55.8,0.3,0.54,26.2,貿易百貨業
3356,奇偶,28.6,0.15,0.53,25.7,光電業
5278,尚凡,168.5,0.0,0.0,25.7,電子商務
3518,柏騰,31.75,-0.6,-1.85,25.6,其他電子業
4155,訊映,27.0,0.15,0.56,25.6,生技醫療業
3224,三顧,44.15,-0.4,-0.9,25.6,電子通路業
6179,亞通,34.5,-0.1,-0.29,25.6,其他業
3058,立德,15.75,1.4,9.76,25.5,電子零組件業
1817,凱撒衛,35.05,0.0,0.0,25.4,玻璃陶瓷
2442,新美齊,10.6,-0.05,-0.47,25.4,電腦及週邊設備業
8089,康全電訊,44.9,-0.4,-0.88,25.5,通信網路業
3047,訊舟,13.55,0.05,0.37,25.3,通信網路業
6204,艾華,109.0,-0.5,-0.46,25.2,電子零組件業
3236,千如,27.05,0.15,0.56,25.1,電子零組件業
4939,亞電,25.45,1.25,5.17,25.0,電子零組件業
6165,捷泰,46.85,-1.15,-2.4,24.9,電子零組件業
4535,至興,32.95,-0.05,-0.15,24.9,電機機械
1731,美吾華,18.75,-0.15,-0.79,24.9,生技醫療業
6629,泰金-KY,70.0,-0.9,-1.27,24.9,其他業
8367,建新國際,30.65,-0.2,-0.65,24.9,航運業
6155,鈞寶,28.6,-0.15,-0.52,24.8,電子零組件業
8411,福貞-KY,14.05,-0.05,-0.35,24.6,其他業
2611,志信,14.1,1.25,9.73,24.4,航運業
4909,新復興,26.1,1.5,6.1,24.4,通信網路業
3710,連展投控,11.75,0.05,0.43,24.4,電子零組件業
3363,上詮,27.95,0.1,0.36,24.3,通信網路業
3221,台嘉碩,23.35,-0.1,-0.43,24.2,通信網路業
5011,久陽,33.5,-0.7,-2.05,24.8,鋼鐵工業
1337,再生-KY,8.95,-0.07,-0.78,24.1,塑膠工業
2718,晶悅,33.05,3.0,9.98,24.0,觀光事業
4908,前鼎,30.5,0.0,0.0,23.9,通信網路業
1439,中和,25.7,-0.35,-1.34,23.6,紡織纖維
1733,五鼎,23.65,0.25,1.07,23.6,生技醫療業
3580,友威科,59.4,5.4,10.0,23.4,其他電子業
6234,高僑,23.35,0.4,1.74,23.4,光電業
4745,合富-KY,30.15,0.1,0.33,23.4,生技醫療業
4139,馬光-KY,54.8,0.0,0.0,23.3,生技醫療業
6703,軒郁,112.0,0.5,0.45,23.3,生技醫療業
8433,弘帆,44.5,1.2,2.77,23.2,貿易百貨業
5543,桓鼎-KY,64.7,-0.2,-0.31,23.1,建材營造業
1452,宏益,17.4,-0.15,-0.85,23.1,紡織纖維
3689,湧德,33.1,-0.45,-1.34,23.1,電子零組件業
6227,茂綸,30.2,0.25,0.83,23.0,電子通路業
8467,波力-KY,46.4,-0.55,-1.17,23.0,其他業
3321,同泰,14.7,0.45,3.16,23.0,電子零組件業
4527,方土霖,30.1,0.05,0.17,22.9,電機機械
8072,陞泰,28.5,-0.2,-0.7,22.8,電子通路業
4545,銘鈺,29.6,0.55,1.89,22.8,電子零組件業
1468,昶和,14.2,-0.15,-1.05,22.8,紡織纖維
6494,九齊,72.0,0.3,0.42,22.7,半導體業
2630,亞航,17.3,-0.15,-0.86,22.7,航運業
3303,岱稜,23.6,0.3,1.29,22.7,其他電子業
3202,樺晟,19.35,-0.2,-1.02,22.7,電子零組件業
4148,全宇生技-KY,35.4,-0.45,-1.26,22.7,生技醫療業
5383,金利,28.5,-0.3,-1.04,22.6,其他電子業
3051,力特,6.95,0.02,0.29,22.6,光電業
5905,南仁湖,11.9,0.2,1.71,22.6,貿易百貨業
1799,易威,16.2,-0.35,-2.11,22.6,生技醫療業
3402,漢科,30.85,0.0,0.0,22.5,其他電子業
1617,榮星,15.6,0.15,0.97,22.5,電器電纜
8284,三竹,48.55,0.0,0.0,22.5,資訊服務業
2901,欣欣,30.8,2.8,10.0,22.5,貿易百貨業
9944,新麗,20.6,-0.15,-0.72,22.5,其他業
3027,盛達,22.7,-1.6,-6.58,22.4,通信網路業
1220,台榮,12.65,-0.05,-0.39,22.4,食品工業
2483,百容,20.5,-0.25,-1.2,22.4,電子零組件業
2641,正德,14.65,1.15,8.52,22.4,航運業
1259,安心,68.9,-0.4,-0.58,22.3,觀光事業
4175,杏一,70.5,0.4,0.57,22.3,生技醫療業
4803,VHQ-KY,37.65,-4.15,-9.93,22.2,文化創意業
4502,健信,43.8,0.4,0.92,22.2,電機機械
1417,嘉裕,11.7,-0.15,-1.27,22.2,紡織纖維
6442,光聖,32.0,-0.05,-0.16,22.2,通信網路業
6641,基士德-KY,65.2,-0.8,-1.21,22.2,其他業
6216,居易,25.6,-0.1,-0.39,21.9,通信網路業
6275,元山,31.7,0.5,1.6,22.1,其他電子業
6674,鋐寶科技,33.0,0.4,1.23,22.1,通信網路業
4568,科際精密,72.6,0.0,0.0,22.0,電機機械
3013,晟銘電,14.05,-0.3,-2.09,21.9,電腦及週邊設備業
2427,三商電,11.85,0.05,0.42,21.8,資訊服務業
2465,麗臺,40.7,3.7,10.0,21.8,電腦及週邊設備業
5450,南良,17.8,-0.1,-0.56,21.8,其他業
1463,強盛,12.5,-0.15,-1.19,21.7,紡織纖維
6654,天正國際,64.9,-0.2,-0.31,21.6,其他電子業
2596,綠意,21.5,-0.15,-0.69,21.5,建材營造業
2643,捷迅,71.6,0.1,0.14,21.5,航運業
1316,上曜,11.9,0.15,1.28,21.4,建材營造業
3296,勝德,22.0,-0.7,-3.08,21.3,電子零組件業
6266,泰詠,21.5,0.4,1.9,21.3,電子零組件業
3625,西勝,25.9,0.55,2.17,21.3,電腦及週邊設備業
6134,萬旭,29.25,0.3,1.04,21.2,電子零組件業
6690,安碁資訊,127.0,-1.0,-0.78,21.2,資訊服務業
6136,富爾特,18.3,0.05,0.27,21.1,通信網路業
1809,中釉,12.65,-0.2,-1.56,21.1,玻璃陶瓷
8059,凱碩,11.2,0.2,1.82,21.1,通信網路業
3060,銘異,15.35,0.25,1.66,21.1,電腦及週邊設備業
1410,南染,33.5,-0.2,-0.59,21.1,紡織纖維
8085,福華,13.4,0.1,0.75,21.1,其他電子業
6612,奈米醫材,62.0,0.3,0.49,21.1,生技醫療業
6194,育富,34.75,-0.2,-0.57,20.8,電子零組件業
8424,惠普,57.6,-0.2,-0.35,20.8,建材營造業
6185,幃翔,13.8,-0.1,-0.72,20.7,電子零組件業
4141,龍燈-KY,11.8,-0.15,-1.26,20.2,生技醫療業
1528,恩德,10.35,0.2,1.97,20.6,電機機械
6609,瀧澤科,28.45,0.85,3.08,20.6,電機機械
6591,動力-KY,64.2,-0.1,-0.16,20.1,電腦及週邊設備業
4207,環泰,12.65,0.0,0.0,20.5,食品工業
3206,志豐,38.0,0.25,0.66,20.5,電子零組件業
5410,國眾,23.85,0.75,3.25,20.7,資訊服務業
8038,長園科,34.2,-0.6,-1.72,20.5,電子零組件業
3686,達能,17.95,-0.55,-2.97,20.4,半導體業
6640,均華,72.0,-0.9,-1.23,20.4,半導體業
8033,雷虎,18.05,0.05,0.28,20.3,其他業
6158,禾昌,37.85,1.25,3.42,20.3,電子零組件業
1416,廣豐,10.9,-0.1,-0.91,20.2,其他業
2066,世德,55.2,0.7,1.28,20.1,電機機械
6461,益得,19.95,-0.3,-1.48,20.1,生技醫療業
1783,和康生,28.85,-0.2,-0.69,20.0,生技醫療業
3311,閎暉,33.4,0.4,1.21,20.0,通信網路業
3164,景岳,23.1,-0.2,-0.86,19.9,生技醫療業
4916,事欣科,23.85,-0.25,-1.04,19.9,電腦及週邊設備業
2453,凌群,19.8,1.8,10.0,19.8,資訊服務業
2065,世豐,47.0,-0.15,-0.32,21.3,鋼鐵工業
6603,富強鑫,13.3,-0.15,-1.12,19.8,電機機械
1721,三晃,10.4,0.0,0.0,19.7,化學工業
5302,太欣,12.1,1.1,10.0,19.6,半導體業
8111,立碁,18.0,0.15,0.84,19.6,光電業
6215,和椿,23.7,0.75,3.27,19.6,其他電子業
2440,太空梭,14.1,-0.1,-0.7,19.6,電子零組件業
6163,華電網,15.95,-0.15,-0.93,19.6,通信網路業
8432,東生華,51.0,0.0,0.0,19.6,生技醫療業
5212,凌網,56.1,0.6,1.08,19.4,資訊服務業
3537,堡達,36.25,-0.35,-0.96,19.4,電子零組件業
2904,匯僑,28.1,0.0,0.0,19.4,其他業
5258,虹堡,21.65,-0.15,-0.69,19.4,電腦及週邊設備業
1784,訊聯,39.05,-0.3,-0.76,19.4,生技醫療業
4563,百德,35.25,-0.15,-0.42,19.4,電機機械
1449,佳和,22.0,-0.3,-1.35,18.0,紡織纖維
8489,三貝德,51.1,0.1,0.2,19.3,文化創意業
1336,台翰,25.0,0.35,1.42,19.3,電子零組件業
9955,佳龍,18.65,-0.25,-1.32,19.2,其他業
8096,擎亞,13.5,0.0,0.0,19.2,電子通路業
2702,華園,17.4,-0.1,-0.57,19.2,觀光事業
5015,華祺,31.7,0.1,0.32,19.2,鋼鐵工業
1240,茂生農經,54.9,-0.7,-1.26,19.2,農業科技業
3615,安可,28.0,1.0,3.7,19.2,光電業
8342,益張,57.1,-0.5,-0.87,19.1,其他業
2305,全友,9.29,-0.16,-1.69,19.1,電腦及週邊設備業
4433,興采,40.8,-0.55,-1.33,19.1,紡織纖維
4533,協易機,12.05,0.2,1.69,19.1,電機機械
6532,瑞耘,53.1,-0.9,-1.67,19.2,半導體業
9950,萬國通,12.8,-0.3,-2.29,18.9,塑膠工業
6470,宇智,57.6,0.2,0.35,18.8,通信網路業
6152,百一,11.15,0.25,2.29,18.7,通信網路業
5220,萬達光電,46.95,0.0,0.0,18.6,光電業
5703,亞都,26.5,0.0,0.0,18.6,觀光事業
4971,IET-KY,50.6,0.1,0.2,18.5,半導體業
5601,台聯櫃,28.5,0.5,1.79,18.5,航運業
8435,鉅邁,58.2,0.6,1.04,18.4,其他業
4305,世坤,33.5,-0.45,-1.33,18.4,塑膠工業
5284,jpp-KY,42.2,-0.75,-1.75,18.4,其他業
5227,立凱-KY,11.5,0.0,0.0,18.4,電子零組件業
6170,統振,20.45,1.2,6.23,18.3,通信網路業
8088,品安,30.1,-0.25,-0.82,18.3,半導體業
6292,迅德,38.95,0.0,0.0,18.3,電子零組件業
3054,立萬利,21.9,0.0,0.0,18.3,半導體業
5209,新鼎,67.1,0.0,0.0,18.2,資訊服務業
3709,鑫聯大投控,22.8,0.0,0.0,18.1,電腦及週邊設備業
6171,亞銳士,24.05,0.05,0.21,18.1,建材營造業
5315,光聯,17.0,0.0,0.0,18.1,光電業
6560,欣普羅,103.0,-5.5,-5.07,18.0,光電業
3607,谷崧,14.8,0.15,1.02,18.0,電子零組件業
1466,聚隆,16.15,-0.15,-0.92,18.0,紡織纖維
3332,幸康,37.3,0.3,0.81,17.9,電子零組件業
5272,笙科,31.8,2.05,6.89,17.9,半導體業
4561,健椿,30.65,0.35,1.16,17.9,電機機械
3693,營邦,46.55,-2.05,-4.22,17.9,電腦及週邊設備業
8905,裕國,15.0,-0.1,-0.66,17.9,其他業
6588,東典光電,67.0,0.2,0.3,17.9,通信網路業
6596,寬宏藝術,59.4,0.5,0.85,17.8,文化創意業
2032,新鋼,13.65,-0.15,-1.09,17.8,鋼鐵工業
1587,吉茂,27.2,-0.6,-2.16,17.8,汽車工業
1524,耿鼎,10.75,-0.15,-1.38,17.8,汽車工業
6151,晉倫,32.1,0.05,0.16,17.7,其他電子業
3322,建舜電,18.3,-0.2,-1.08,17.7,電子零組件業
6752,叡揚,66.2,-1.1,-1.63,17.7,資訊服務業
3490,單井,30.95,-0.2,-0.64,17.6,光電業
8048,德勝,33.3,0.25,0.76,17.6,通信網路業
4523,永彰,27.5,0.1,0.36,17.6,電機機械
3594,磐儀,25.05,0.15,0.6,17.9,電腦及週邊設備業
5245,智晶,38.6,0.7,1.85,17.4,光電業
4173,久裕,23.15,-0.05,-0.22,17.3,生技醫療業
3171,新洲,25.8,-0.05,-0.19,17.2,貿易百貨業
5902,德記,18.2,0.1,0.55,17.2,貿易百貨業
1456,怡華,18.3,-0.55,-2.92,17.2,紡織纖維
5386,青雲,72.5,0.9,1.26,17.1,電腦及週邊設備業
8410,森田,46.75,0.05,0.11,17.1,電腦及週邊設備業
5493,三聯,41.0,0.3,0.74,17.1,其他電子業
1445,大宇,13.05,-0.1,-0.76,17.1,紡織纖維
4121,優盛,21.4,0.75,3.63,17.0,生技醫療業
3188,鑫龍騰,14.1,-0.2,-1.4,17.0,建材營造業
4911,德英,30.35,-0.35,-1.14,16.9,生技醫療業
2444,兆勁,16.0,0.1,0.63,16.9,通信網路業
8928,鉅明,33.2,-0.55,-1.63,16.9,其他業
2543,皇昌,6.96,-0.04,-0.57,16.8,建材營造業
6573,虹揚-KY,20.9,0.8,3.98,16.8,半導體業
8068,全達,24.5,-0.45,-1.8,16.8,電子通路業
3628,盈正,37.35,-0.1,-0.27,16.8,其他電子業
4905,台聯電,51.4,0.4,0.78,16.8,通信網路業
4562,穎漢,24.8,-1.1,-4.25,16.8,電機機械
5603,陸海,21.25,0.25,1.19,16.6,航運業
6431,光麗-KY,32.95,-0.05,-0.15,16.6,光電業
8074,鉅橡,19.0,0.05,0.26,16.6,電子零組件業
1340,勝悅-KY,10.8,0.05,0.47,16.5,塑膠工業
2024,志聯,16.9,-0.45,-2.59,16.5,鋼鐵工業
6243,迅杰,21.95,1.65,8.13,16.5,半導體業
6625,必應,36.5,1.05,2.96,16.4,其他業
2380,虹光,9.07,0.82,9.94,16.3,電腦及週邊設備業
1724,台硝,12.7,-0.1,-0.78,16.2,化學工業
3663,鑫科,22.05,-0.15,-0.68,16.2,其他電子業
8107,大億金茂,21.6,-0.15,-0.69,16.2,電機機械
8429,金麗-KY,8.7,-0.05,-0.57,16.2,貿易百貨業
5016,松和,32.55,-0.35,-1.06,16.2,鋼鐵工業
4973,廣穎,25.4,0.25,0.99,16.1,半導體業
1506,正道,9.88,0.0,0.0,16.1,電機機械
1735,日勝化,16.2,-0.25,-1.52,16.1,化學工業
4116,明基醫,36.0,0.05,0.14,16.0,生技醫療業
1474,弘裕,12.35,-0.3,-2.37,16.0,紡織纖維
8066,來思達,53.2,0.3,0.57,16.0,貿易百貨業
2491,吉祥全,19.5,1.75,9.86,16.0,光電業
6156,松上,19.85,0.5,2.58,16.0,電子零組件業
3021,鴻名,17.0,0.35,2.1,16.0,電子零組件業
5426,振發,11.1,-0.1,-0.89,16.0,電腦及週邊設備業
9136,巨騰-DR,9.93,0.07,0.71,15.9,
4556,旭然,37.9,0.15,0.4,15.9,其他業
4138,曜亞,52.9,-0.1,-0.19,15.9,生技醫療業
4995,晶達,37.8,1.0,2.72,15.8,光電業
3535,晶彩科,19.85,-0.15,-0.75,15.7,光電業
3147,大綜,46.0,0.0,0.0,15.6,資訊服務業
2063,世鎧,34.65,-0.1,-0.29,15.6,鋼鐵工業
6270,倍微,21.6,-0.15,-0.69,15.6,電子通路業
8024,佑華,34.5,0.25,0.73,15.6,半導體業
6160,欣技,22.7,-0.6,-2.58,15.5,電腦及週邊設備業
2936,客思達-KY,20.3,-0.35,-1.69,15.5,貿易百貨業
3310,佳穎,30.8,0.0,0.0,15.5,電子零組件業
2939,凱羿-KY,33.95,-0.95,-2.72,15.5,貿易百貨業
5225,東科-KY,25.15,-0.05,-0.2,15.4,其他電子業
4153,鈺緯,25.0,-0.3,-1.19,15.4,生技醫療業
3444,利機,39.4,0.35,0.9,15.4,電子通路業
6161,捷波,19.5,0.2,1.04,15.4,電腦及週邊設備業
3577,泓格,28.95,0.1,0.35,15.3,電腦及週邊設備業
1805,寶徠,15.25,0.35,2.35,15.3,建材營造業
3290,東浦,15.35,0.0,0.0,15.3,電子零組件業
1470,大統新創,17.8,-0.3,-1.66,15.3,紡織纖維
6728,上洋,66.2,0.2,0.3,15.2,貿易百貨業
2235,謚源,42.4,-0.25,-0.59,15.2,電機機械
3629,地心引力,47.15,-1.85,-3.78,15.2,文化創意業
3093,港建,41.8,0.3,0.72,15.2,其他電子業
4945,陞達科技,50.0,-0.6,-1.19,15.0,半導體業
1236,宏亞,13.8,-0.1,-0.72,15.0,食品工業
4109,加捷生醫,16.8,-0.15,-0.88,14.9,生技醫療業
1443,立益,11.0,-0.2,-1.79,14.9,紡織纖維
6210,慶生,42.45,-0.3,-0.7,14.9,電子零組件業
1595,川寶,31.55,0.3,0.96,14.9,電子零組件業
1529,樂士,15.4,0.05,0.33,14.8,電機機械
6405,悅城,22.45,-0.05,-0.22,14.8,光電業
4303,信立,20.9,0.0,0.0,14.6,塑膠工業
4931,新盛力,23.3,-0.2,-0.85,14.6,電腦及週邊設備業
3687,歐買尬,48.35,-0.15,-0.31,14.5,電子商務
8420,明揚,28.5,-0.2,-0.7,14.5,其他業
6514,芮特-KY,48.3,-0.45,-0.92,14.5,通信網路業
3570,大塚,84.5,-0.2,-0.24,14.4,資訊服務業
6425,易發,33.1,-0.65,-1.93,14.4,電機機械
2471,資通,30.5,1.85,6.46,14.4,資訊服務業
3564,其陽,24.35,-0.35,-1.42,14.4,通信網路業
1584,精剛,11.75,-0.05,-0.42,9.69,其他業
3018,同開,19.6,0.45,2.35,14.3,其他電子業
4720,德淵,16.0,-0.05,-0.31,14.3,化學工業
4430,耀億,25.25,0.2,0.8,14.2,其他業
3531,先益,23.05,-0.1,-0.43,14.1,光電業
5906,台南-KY,47.0,-0.45,-0.95,14.1,貿易百貨業
4714,永捷,12.1,0.0,0.0,14.1,化學工業
4541,晟田,20.8,-0.5,-2.35,14.1,其他業
3593,力銘,15.1,1.35,9.82,14.0,電子零組件業
5438,東友,12.45,0.0,0.0,14.0,電腦及週邊設備業
6117,迎廣,15.8,-0.55,-3.36,14.0,電腦及週邊設備業
4972,湯石照明,34.95,-0.15,-0.43,13.9,光電業
3114,好德,23.35,-0.1,-0.43,13.8,電子零組件業
1796,金穎生技,34.55,-0.05,-0.14,13.8,食品工業
5324,士開,10.1,-0.2,-1.94,13.8,建材營造業
4706,大恭,17.4,-0.05,-0.29,13.8,化學工業
4744,皇將,29.2,0.1,0.34,13.8,生技醫療業
3287,廣寰科,31.2,0.95,3.14,13.7,電腦及週邊設備業
3550,聯穎,16.1,0.3,1.9,13.7,電子零組件業
6276,安鈦克,43.35,-0.8,-1.81,13.7,電腦及週邊設備業
3581,博磊,26.75,0.45,1.71,13.6,半導體業
3441,聯一光,34.0,-0.6,-1.73,13.6,光電業
5704,老爺知,34.9,0.2,0.58,13.6,觀光事業
4581,光隆精密-KY,39.7,-0.3,-0.75,13.5,汽車工業
4987,科誠,52.9,0.2,0.38,13.3,電腦及週邊設備業
5202,力新,22.4,-0.95,-4.07,13.2,資訊服務業
1465,偉全,12.75,-0.1,-0.78,13.2,紡織纖維
4534,慶騰,14.8,0.0,0.0,13.2,電機機械
2431,聯昌,11.9,0.5,4.39,13.2,電子零組件業
6506,雙邦,16.0,0.1,0.63,13.2,化學工業
6496,科懋,28.2,0.15,0.53,13.2,生技醫療業
2911,麗嬰房,7.11,-0.05,-0.7,13.1,貿易百貨業
2937,集雅社,39.95,0.15,0.38,13.1,貿易百貨業
1540,喬福,15.35,0.15,0.99,13.1,電機機械
8077,洛碁,11.9,-0.15,-1.24,13.1,觀光事業
6594,展匯科,63.6,5.7,9.84,13.0,半導體業
3066,李洲,15.7,0.0,0.0,13.0,光電業
4161,聿新科,24.7,-0.05,-0.2,13.0,生技醫療業
3046,建碁,18.2,1.65,9.97,13.0,電腦及週邊設備業
4111,濟生,22.8,-0.05,-0.22,13.0,生技醫療業
3276,宇環,18.6,1.65,9.73,13.0,電子零組件業
9929,秋雨,12.8,0.0,0.0,13.0,其他業
2358,廷鑫,13.7,-0.1,-0.72,13.0,其他業
5529,志嘉,14.65,1.25,9.33,13.0,建材營造業
6218,豪勉,20.1,0.0,0.0,12.9,通信網路業
5355,佳總,7.77,0.7,9.9,12.9,電子零組件業
6574,霈方,58.5,0.0,0.0,12.9,生技醫療業
8147,正淩,42.05,-0.3,-0.71,12.8,電子零組件業
2929,淘帝-KY,11.7,-1.3,-10.0,12.8,貿易百貨業
6164,華興,12.8,0.25,1.99,12.8,光電業
4510,高鋒,11.85,-0.05,-0.42,12.8,電機機械
6167,久正,7.86,-0.14,-1.75,12.7,光電業
5230,雷笛克光學,27.1,1.3,5.04,12.7,光電業
6118,建達,14.0,0.05,0.36,12.7,電子通路業
1742,台蠟,17.7,-0.1,-0.56,12.7,化學工業
4729,熒茂,12.35,0.0,0.0,12.6,光電業
5344,立衛,15.85,0.6,3.93,12.6,半導體業
2061,風青,26.8,-0.15,-0.56,12.6,電器電纜
8034,榮群,20.0,1.25,6.67,12.6,通信網路業
5353,台林,16.7,-0.05,-0.3,12.5,通信網路業
6114,久威,28.5,0.9,3.26,12.5,電子零組件業
8472,夠麻吉,70.0,2.0,2.94,12.4,電子商務
8476,台境,20.45,0.0,0.0,12.4,其他業
8354,冠好,15.75,-0.05,-0.32,12.4,塑膠工業
2928,紅馬-KY,26.05,-0.1,-0.38,12.3,觀光事業
6680,鑫創電子,66.0,0.0,0.0,12.2,電腦及週邊設備業
1539,巨庭,18.7,-0.05,-0.27,12.2,電機機械
3002,歐格,11.95,0.05,0.42,12.2,電腦及週邊設備業
3523,迎輝,11.8,0.1,0.85,11.8,光電業
8032,光菱,23.35,0.2,0.86,12.1,電子通路業
5878,台名,48.3,-0.2,-0.41,12.1,保險業
6527,明達醫,49.75,-0.2,-0.4,12.1,生技醫療業
6226,光鼎,10.45,-0.1,-0.95,12.0,光電業
6133,金橋,10.25,0.25,2.5,12.0,電子零組件業
6556,勝品,41.55,0.95,2.34,11.9,光電業
6482,弘煜科,69.4,6.3,9.98,11.9,文化創意業
6727,亞泰金屬,56.5,-0.2,-0.35,11.9,電子零組件業
8941,關中,39.0,-1.0,-2.5,11.9,貿易百貨業
3122,笙泉,30.95,2.8,9.95,11.9,半導體業
3313,斐成,12.0,-0.35,-2.83,11.9,電子零組件業
1616,億泰,6.08,-0.07,-1.14,11.8,電器電纜
1432,大魯閣,15.65,-0.25,-1.57,11.7,貿易百貨業
3567,逸昌,34.3,-0.2,-0.58,11.7,半導體業
2755,揚秦,58.5,-0.2,-0.34,11.7,觀光事業
1727,中華化,10.8,-0.1,-0.92,11.7,化學工業
5455,昇益,17.75,-0.05,-0.28,11.6,建材營造業
8450,霹靂,22.6,-0.1,-0.44,11.6,文化創意業
4429,聚紡,33.65,0.15,0.45,11.6,紡織纖維
6229,研通,32.4,0.15,0.47,11.5,半導體業
1776,展宇,16.4,0.0,0.0,11.5,化學工業
2496,卓越,60.1,0.5,0.84,11.5,其他業
6432,今展科,39.25,-0.35,-0.88,11.8,電子零組件業
5301,寶得利,10.9,0.0,0.0,11.4,觀光事業
4747,強生,37.7,-0.2,-0.53,11.3,生技醫療業
5464,霖宏,15.9,-0.3,-1.85,11.3,電子零組件業
2516,新建,4.99,-0.04,-0.8,11.3,建材營造業
6697,東捷資訊,41.25,-0.2,-0.48,11.3,資訊服務業
1413,宏洲,8.52,-0.28,-3.18,11.3,紡織纖維
1454,台富,8.65,-0.1,-1.14,11.2,紡織纖維
3646,艾恩特,28.55,0.4,1.42,11.2,電子零組件業
8930,青鋼,13.9,-0.1,-0.71,11.2,鋼鐵工業
3360,尚立,16.3,0.05,0.31,11.2,電子通路業
5484,慧友,16.4,-0.35,-2.09,11.2,光電業
3609,東林,36.3,-0.55,-1.49,11.1,電子零組件業
4716,大立,14.8,-0.05,-0.34,11.1,化學工業
4950,牧東,24.3,0.0,0.0,11.1,其他業
9902,台火,11.3,-0.2,-1.74,11.1,其他業
6199,天品,17.9,0.05,0.28,11.1,其他業
3597,映興,31.45,-1.05,-3.23,11.1,電子零組件業
3354,律勝,15.75,-0.15,-0.94,11.0,電子零組件業
8289,泰藝,16.1,0.95,6.27,11.0,電子零組件業
1781,合世,23.2,-0.3,-1.28,11.0,生技醫療業
6590,普鴻,60.0,-1.0,-1.64,11.0,資訊服務業
5201,凱衛,35.65,0.1,0.28,10.9,資訊服務業
4420,光明,27.0,0.45,1.69,10.9,紡織纖維
1732,毛寶,25.65,0.05,0.2,10.9,化學工業
3306,鼎天,21.45,0.25,1.18,10.9,通信網路業
3516,亞帝歐,21.45,0.6,2.88,10.9,光電業
2916,滿心,19.8,1.8,10.0,10.8,貿易百貨業
3390,旭軟,15.85,0.2,1.28,10.7,電子零組件業
5102,富強,16.65,0.0,0.0,10.7,橡膠工業
8929,富堡,21.05,0.05,0.24,10.6,其他業
6767,台微醫,36.4,-0.2,-0.55,10.6,生技醫療業
8937,合騏,14.6,0.0,0.0,10.6,其他業
6615,慧智,49.75,-0.05,-0.1,10.6,生技醫療業
1512,瑞利,4.45,0.13,3.01,10.5,汽車工業
2033,佳大,13.05,-0.25,-1.88,10.5,鋼鐵工業
6154,順發,13.15,0.1,0.77,10.5,電子通路業
1471,首利,7.0,0.07,1.01,10.5,電子零組件業
6649,台生材,31.8,0.4,1.27,10.5,生技醫療業
5321,友銓,30.0,-0.85,-2.76,10.5,電子零組件業
3205,佰研,32.0,-0.05,-0.16,10.5,生技醫療業
5381,合正,5.81,0.02,0.35,10.5,電子零組件業
5481,新華,14.15,-0.45,-3.08,10.4,其他業
4702,中美實,14.35,1.3,9.96,10.4,化學工業
8488,吉源-KY,15.35,0.25,1.66,10.4,其他業
8277,商丞,11.3,0.5,4.63,10.4,半導體業
3426,台興,39.2,0.0,0.0,10.3,電機機械
4188,安克,19.4,0.4,2.11,10.3,生技醫療業
4102,永日,24.25,-0.15,-0.61,10.3,生技醫療業
3555,重鵬,28.9,-0.35,-1.2,10.3,半導體業
3522,御頂,14.15,0.3,2.17,10.3,觀光事業
2070,精湛,28.45,-0.05,-0.18,10.2,電機機械
2221,大甲,24.0,0.05,0.21,10.2,其他業
4550,長佳,26.5,2.4,9.96,10.0,電機機械
6751,智聯服務,76.1,-2.9,-3.67,9.92,資訊服務業
3118,進階,30.2,0.15,0.5,9.8,生技醫療業
3285,微端,22.2,-0.1,-0.45,9.79,其他電子業
4807,日成-KY,25.5,-0.4,-1.54,9.79,貿易百貨業
5487,通泰,41.4,-0.4,-0.96,9.87,半導體業
3308,聯德,9.88,0.89,9.9,9.74,電子零組件業
4538,大詠城,19.2,0.15,0.79,9.69,電機機械
2064,晉椿,13.9,-0.1,-0.71,9.68,鋼鐵工業
3652,精聯,20.45,0.0,0.0,9.63,電腦及週邊設備業
4711,永純,15.7,0.2,1.29,9.59,化學工業
5281,大峽谷-KY,25.85,0.1,0.39,9.57,光電業
3489,森寶,11.5,-0.1,-0.86,9.56,建材營造業
9960,邁達康,28.4,0.7,2.53,9.54,貿易百貨業
6242,立康,42.95,0.25,0.59,9.53,生技醫療業
8222,寶一,13.85,-0.25,-1.77,9.5,電機機械
2468,華經,13.45,0.2,1.51,9.41,資訊服務業
3268,海德威,28.1,1.7,6.44,9.39,半導體業
6172,互億,31.3,0.55,1.79,9.39,電腦及週邊設備業
5291,邑昇,24.65,-0.05,-0.2,9.42,電子零組件業
6265,方土昶,7.93,0.03,0.38,9.37,電子通路業
4754,國碳科,43.1,0.05,0.12,9.3,化學工業
2236,百達-KY,20.15,0.35,1.77,9.22,汽車工業
5398,慕康生醫,18.45,-0.25,-1.34,9.22,其他業
3252,海灣,18.35,0.15,0.82,9.21,觀光事業
6465,威潤,27.75,-0.25,-0.89,9.15,通信網路業
4543,萬在,16.05,0.0,0.0,9.14,電機機械
1516,川飛,26.5,0.85,3.31,9.11,其他業
3057,喬鼎,10.2,0.15,1.49,8.98,電腦及週邊設備業
3684,榮昌,36.5,-0.15,-0.41,8.98,通信網路業
3067,全域,30.9,-1.1,-3.44,8.97,其他電子業
4741,泓瀚,27.3,0.0,0.0,8.97,化學工業
1813,寶利徠,19.15,0.15,0.79,8.93,生技醫療業
3432,台端,13.4,0.15,1.13,8.92,電子零組件業
4924,欣厚-KY,23.5,-1.0,-4.08,8.73,電腦及週邊設備業
2734,易飛網,28.85,2.6,9.9,8.73,觀光事業
4432,銘旺實,17.25,-0.1,-0.58,8.73,紡織纖維
8932,宏大,17.8,0.4,2.3,8.69,其他業
2745,五福,29.6,0.7,2.42,8.68,觀光事業
8477,創業家,34.65,-0.15,-0.43,8.65,電子商務
4154,康樂-KY,28.5,0.9,3.26,8.64,生技醫療業
3043,科風,4.43,-0.23,-4.94,8.63,其他電子業
6198,凌泰,38.0,0.0,0.0,8.6,半導體業
6264,富裔,7.39,-0.11,-1.47,8.6,建材營造業
1472,三洋紡,9.98,-0.17,-1.67,8.59,紡織纖維
1453,大將,8.45,-0.08,-0.94,8.5,紡織纖維
9962,有益,9.34,-0.04,-0.43,8.43,鋼鐵工業
6174,安碁,16.8,-0.1,-0.59,8.4,電子零組件業
3466,致振,13.75,0.2,1.48,8.37,通信網路業
6662,樂斯科,32.5,-0.05,-0.15,8.32,生技醫療業
8418,捷必勝-KY,10.6,0.1,0.95,8.31,其他業
6570,維田,27.5,0.2,0.73,8.27,電腦及週邊設備業
8940,新天地,12.25,0.15,1.24,8.27,觀光事業
8401,白紗科,13.75,-0.15,-1.08,8.26,其他業
8087,華鎂鑫,28.4,1.0,3.65,8.26,光電業
3128,昇銳,19.65,-0.75,-3.68,8.25,光電業
9928,中視,5.45,0.0,0.0,8.21,其他業
1441,大東,8.0,0.13,1.65,8.06,紡織纖維
3494,誠研,4.47,0.11,2.52,8.02,電腦及週邊設備業
2025,千興,2.85,0.03,1.06,8.01,鋼鐵工業
8093,保銳,12.45,0.2,1.63,7.99,電子零組件業
8426,紅木-KY,15.9,-0.4,-2.45,7.99,其他業
8443,阿瘦,11.95,-0.05,-0.42,7.98,貿易百貨業
3011,今皓,7.03,0.0,0.0,7.92,電子零組件業
6248,沛波,25.8,-0.3,-1.15,7.91,鋼鐵工業
3521,鴻翊,16.9,0.3,1.81,7.9,電腦及週邊設備業
6148,驊宏資,16.8,-0.65,-3.72,7.9,資訊服務業
8935,邦泰,9.36,-0.14,-1.47,7.89,其他業
8921,沈氏,16.9,-0.1,-0.59,7.87,其他業
6122,擎邦,11.1,0.05,0.45,7.86,電機機械
2434,統懋,29.0,-1.05,-3.49,7.83,半導體業
6140,訊達,20.3,0.05,0.25,7.79,資訊服務業
6109,亞元,13.1,-0.1,-0.76,7.78,通信網路業
2743,山富,24.2,0.2,0.83,7.75,觀光事業
4767,誠泰科技,24.6,-0.05,-0.2,7.73,化學工業
3520,華盈,15.8,-0.4,-2.47,7.72,電子零組件業
1324,地球,10.25,0.05,0.49,7.7,塑膠工業
7402,邑錡,31.8,-0.1,-0.31,7.53,光電業
5276,達輝-KY,19.0,-0.15,-0.78,7.5,其他業
1570,力肯,14.5,0.05,0.35,7.47,電機機械
2736,高野,14.9,0.3,2.05,7.3,觀光事業
3284,太普高,13.0,0.0,0.0,7.28,其他業
3499,環天科,13.2,-0.3,-2.22,7.26,通信網路業
8101,華冠,3.44,-0.02,-0.58,7.16,通信網路業
3115,寶島極,16.35,-0.5,-2.97,7.14,電子零組件業
5460,同協,11.65,0.05,0.43,7.13,電子零組件業
2438,翔耀,11.8,-0.1,-0.84,7.1,光電業
2429,銘旺科,17.85,-0.2,-1.11,7.1,電子零組件業
4513,福裕,9.22,0.0,0.0,7.09,電機機械
4903,聯光通,7.85,-0.15,-1.88,7.09,通信網路業
2482,連宇,11.4,0.1,0.88,7.08,其他電子業
3229,晟鈦,7.48,0.15,2.05,6.99,電子零組件業
3339,泰谷,16.1,0.1,0.62,6.97,光電業
6661,威健生技,29.6,0.15,0.51,6.9,生技醫療業
6530,創威,20.4,0.35,1.75,6.88,通信網路業
6130,星寶國際,23.2,-0.1,-0.43,6.84,生技醫療業
8176,智捷,9.42,-0.07,-0.74,6.83,通信網路業
8201,無敵,10.95,0.0,0.0,6.83,其他電子業
3492,長盛,19.2,-0.3,-1.54,6.82,電子零組件業
4542,科嶠,24.0,0.0,0.0,6.79,電子零組件業
3297,杭特,18.4,0.15,0.82,6.78,光電業
4503,金雨,17.2,0.0,0.0,6.75,電機機械
5701,劍湖山,2.65,-0.08,-2.93,6.72,觀光事業
6578,達邦蛋白,22.3,-0.2,-0.89,6.72,農業科技業
5475,德宏,5.28,0.12,2.33,9.59,電子零組件業
6616,特昇-KY,28.3,0.5,1.8,6.69,其他業
2230,泰茂,16.75,0.35,2.13,6.69,電機機械
6144,得利影,17.45,0.9,5.44,6.68,文化創意業
5488,松普,7.2,0.02,0.28,6.59,電子零組件業
6291,沛亨,24.4,0.4,1.67,6.59,半導體業
2364,倫飛,3.35,-0.35,-9.46,6.56,電腦及週邊設備業
910322,康師傅-DR,27.9,0.4,1.45,6.54,
4529,淳紳,7.8,-0.31,-3.82,6.48,其他業
4554,橙的,30.4,-0.65,-2.09,6.5,其他電子業
6113,亞矽,12.95,-0.1,-0.77,6.48,電子通路業
4804,大略-KY,14.1,-0.35,-2.42,6.39,觀光事業
2924,東凌-KY,19.3,-0.4,-2.03,6.33,貿易百貨業
4530,宏易,13.65,0.15,1.11,6.3,電機機械
8071,能率網通,12.15,-0.15,-1.22,6.3,電子零組件業
3664,安瑞-KY,12.25,0.05,0.41,6.26,通信網路業
1475,業旺,39.0,0.55,1.43,21.8,紡織纖維
8440,綠電,16.4,-0.2,-1.2,6.23,其他業
6103,合邦,6.93,0.63,10.0,6.2,半導體業
6222,上揚,15.25,0.25,1.67,6.19,光電業
6241,易通展,25.95,0.3,1.17,6.15,通信網路業
3064,泰偉,23.0,0.0,0.0,6.15,文化創意業
6247,淇譽電,10.1,0.1,1.0,6.09,其他電子業
1591,駿吉-KY,18.3,0.05,0.27,6.07,電機機械
6169,昱泉,25.9,-0.45,-1.71,6.06,文化創意業
3207,耀勝,13.8,0.05,0.36,6.04,電子零組件業
5310,天剛,12.1,0.15,1.26,6.0,資訊服務業
4160,創源,24.75,0.15,0.61,6.0,生技醫療業
2067,嘉鋼,13.2,-0.35,-2.58,5.96,電機機械
3085,新零售,12.2,0.0,0.0,5.86,電子商務
910861,神州-DR,10.05,0.17,1.72,5.85,
3672,康聯訊,18.1,-0.5,-2.69,5.84,通信網路業
1258,其祥-KY,15.6,0.1,0.65,5.74,食品工業
6624,萬年清,31.65,0.0,0.0,5.7,其他業
3232,昱捷,15.45,-0.15,-0.96,5.65,電子通路業
1592,英瑞-KY,5.06,-0.56,-9.96,5.62,汽車工業
4946,辣椒,41.1,-1.4,-3.29,5.61,文化創意業
8906,花王,16.2,-0.35,-2.11,5.51,其他業
8097,常珵,17.7,0.25,1.43,5.43,通信網路業
2424,隴華,28.6,2.6,10.0,5.42,電腦及週邊設備業
3642,駿熠電,15.05,0.1,0.67,5.32,其他電子業
5251,天鉞電,15.0,0.5,3.45,5.32,光電業
9949,琉園,11.3,0.1,0.89,5.31,文化創意業
3623,富晶通,18.2,0.3,1.68,5.31,光電業
3073,天方能源,31.0,0.6,1.97,5.3,半導體業
5516,雙喜,13.75,0.05,0.36,5.27,建材營造業
8421,旭源,9.59,-0.01,-0.1,5.26,其他業
4198,欣大健康,8.0,-0.1,-1.23,5.24,生技醫療業
9912,偉聯,9.53,-0.32,-3.25,5.24,電腦及週邊設備業
6593,台灣銘板,25.8,-0.2,-0.77,5.2,資訊服務業
4183,福永生技,21.8,0.0,0.0,5.19,生技醫療業
8409,商之器,18.5,0.0,0.0,5.18,生技醫療業
3191,和進,9.0,-0.27,-2.91,5.15,電子零組件業
2243,宏旭-KY,11.25,-0.5,-4.26,5.14,汽車工業
4413,飛寶企業,16.1,0.4,2.55,5.04,紡織纖維
4419,元勝,10.8,-0.2,-1.82,5.03,紡織纖維
6418,詠昇,14.5,0.0,0.0,5.01,電子零組件業
5210,寶碩,8.03,0.05,0.63,4.99,資訊服務業
5211,蒙恬,15.55,0.1,0.65,4.98,資訊服務業
3536,誠創,4.52,0.0,0.0,4.83,半導體業
3379,彬台,12.4,0.0,0.0,4.72,電機機械
4127,天良,10.3,0.05,0.49,4.71,生技醫療業
8923,時報,15.45,0.05,0.32,4.69,文化創意業
8455,大拓-KY,18.6,-0.15,-0.8,4.69,其他電子業
6246,臺龍,15.25,0.05,0.33,4.69,光電業
4712,南璋,6.32,0.11,1.77,4.66,食品工業
6225,天瀚,3.66,-0.21,-5.43,4.65,光電業
6512,啟發電,18.5,-0.3,-1.6,4.62,其他電子業
8047,星雲,11.1,0.0,0.0,4.62,其他電子業
1213,大飲,7.98,0.0,0.0,4.52,食品工業
5364,力麗店,22.4,0.05,0.22,4.5,觀光事業
4806,昇華,9.9,-0.1,-1.0,4.3,文化創意業
912000,晨訊科-DR,2.79,0.01,0.36,4.44,
6228,全譜,12.0,-0.15,-1.23,4.44,電腦及週邊設備業
2719,燦星旅,14.1,0.0,0.0,4.38,觀光事業
4406,新昕纖,8.16,-0.07,-0.85,4.24,紡織纖維
8080,永利聯合,10.3,0.1,0.98,4.15,電子零組件業
1418,東華,7.3,0.0,0.0,4.15,紡織纖維
5314,世紀,6.85,0.55,8.73,4.11,半導體業
3288,點晶,17.8,1.6,9.88,4.03,電子零組件業
3632,研勤,9.83,0.03,0.31,4.02,通信網路業
4609,唐鋒,8.37,0.19,2.32,4.01,電器電纜
8423,保綠-KY,17.45,-0.05,-0.29,4.01,其他業
5468,凱鈺,20.0,-0.5,-2.44,5.56,半導體業
2443,億麗,2.7,0.04,1.5,3.93,其他業
5345,天揚,8.27,-0.43,-4.94,3.93,電子零組件業
5432,達威,18.95,-0.05,-0.26,3.92,光電業
8291,尚茂,8.17,-0.81,-9.02,3.87,電子零組件業
8092,建暐,9.23,-0.17,-1.81,3.59,其他電子業
3383,新世紀,5.04,0.45,9.8,3.53,光電業
4131,晶宇,7.07,0.01,0.14,3.41,生技醫療業
8067,志旭,10.9,-0.25,-2.24,3.27,電子通路業
6240,松崗,14.05,0.25,1.81,3.21,資訊服務業
3095,及成,2.9,-0.06,-2.03,3.17,通信網路業
6289,華上,2.94,-0.01,-0.34,3.08,光電業
2724,富驛-KY,4.3,0.04,0.94,2.93,觀光事業
3434,哲固,12.9,-0.6,-4.44,2.93,光電業
912398,友佳-DR,4.36,-0.02,-0.46,2.89,
2321,東訊,6.45,-0.05,-0.77,6.1,通信網路業
6259,百徽,18.35,0.25,1.38,2.85,電子零組件業
2740,天蔥,21.3,-1.3,-5.75,2.81,觀光事業
6236,康呈,8.59,0.0,0.0,2.72,其他業
5348,系通,9.49,-0.02,-0.21,2.46,通信網路業
9188,精熙-DR,3.02,-0.01,-0.33,2.42,
911616,杜康-DR,1.8,-0.02,-1.1,2.34,
4402,福大,4.98,0.0,0.0,2.29,紡織纖維
911868,同方友友-DR,1.62,0.01,0.62,2.27,
1538,正峰,8.09,0.24,3.06,2.14,電機機械
6419,京晨科,15.7,-0.25,-1.57,2.07,光電業
6404,通訊-KY,5.34,0.0,0.0,2.0,資訊服務業
4304,勝昱,4.7,-0.1,-2.08,1.69,塑膠工業
9110,越南控-DR,2.85,-0.03,-1.04,1.55,
911608,明輝-DR,3.8,-0.04,-1.04,1.3,
911622,泰聚亨-DR,4.16,-0.04,-0.95,1.25,
5205,中茂,9.8,0.89,9.99,1.81,其他電子業
